persona,category,X_A,X_B,X_all
C_implicit_01,implicit,0.17698482962740697,0.15810142711494032,0.1675431283711735
C_implicit_02,implicit,0.18976169221528946,0.1736175086451591,0.1816896004302242
C_implicit_03,implicit,0.1550018077016567,0.1332621878597076,0.14413199778068211
C_implicit_04,implicit,0.16526092329665154,0.1396809657442728,0.15247094452046217
C_implicit_05,implicit,0.1901612941409715,0.16786219964800725,0.17901174689448932
C_implicit_06,implicit,0.16909158291047274,0.148030452782745,0.15856101784660892
C_implicit_07,implicit,0.1624172775555158,0.1365206921193268,0.14946898483742138
C_implicit_08,implicit,0.3346695257352708,0.2936812375571331,0.3141753816462019
C_implicit_09,implicit,0.0923165265628874,0.07151874315292198,0.08191763485790475
C_implicit_10,implicit,0.23580975437957252,0.17669262982839257,0.2062511921039825
C_implicit_11,implicit,0.3827934431723581,0.3350795227979383,0.358936482985148
C_implicit_12,implicit,0.15046069162246464,0.11434016453933322,0.1324004280808989
C_implicit_13,implicit,0.18253671543872688,0.17547480104808705,0.17900575824340706
C_implicit_14,implicit,0.10531906981547415,0.09466026266475,0.09998966624011203
C_implicit_15,implicit,0.03642471782366554,0.018877816222356576,0.02765126702301105
C_implicit_16,implicit,0.1906098671965231,0.1659057725160177,0.17825781985627032
C_implicit_17,implicit,0.329651673280942,0.28508673509401167,0.3073692041874768
C_implicit_18,implicit,0.12354892899400502,0.11561365747585223,0.11958129323492861
C_implicit_19,implicit,0.1122026964030585,0.10144465515082934,0.10682367577694399
C_implicit_20,implicit,0.12259482688492236,0.0958856125750956,0.10924021973000891
C_implicit_21,implicit,0.22752110860677394,0.1852097464882314,0.20636542754750276
C_implicit_22,implicit,0.15366248928945292,0.12969318563210858,0.14167783746078072
C_implicit_23,implicit,0.15771177802144595,0.14950435265916276,0.15360806534030436
C_implicit_24,implicit,0.09267462977675783,0.07285471992315196,0.08276467484995492
C_implicit_25,implicit,0.10696144300478887,0.06621198577804971,0.0865867143914193
C_implicit_26,implicit,0.2376964902529759,0.19906519952671442,0.2183808448898451
C_implicit_27,implicit,0.17220882047345124,0.14452650443303391,0.1583676624532426
C_implicit_28,implicit,0.24071905120749693,0.21627330929234642,0.22849618024992172
C_implicit_29,implicit,0.1247183614458301,0.10949223701496873,0.11710529923039939
C_implicit_30,implicit,0.08975545903005676,0.06791643362042554,0.07883594632524114
C_implicit_31,implicit,0.530280638497177,0.4502411369766324,0.49026088773690474
C_implicit_32,implicit,0.03787813333736018,0.0297332483146872,0.0338056908260237
C_implicit_33,implicit,0.16389043506132597,0.14678238165545726,0.1553364083583916
C_implicit_34,implicit,0.07603005139601234,0.05772574082400214,0.06687789611000722
C_implicit_35,implicit,0.12192423046028439,0.10791437602630058,0.11491930324329251
C_implicit_36,implicit,0.14584975373657438,0.11092775769491,0.1283887557157422
C_implicit_37,implicit,0.13010943926176022,0.11498762277246194,0.12254853101711108
C_implicit_38,implicit,0.20544621977969516,0.17548217604218055,0.19046419791093794
C_implicit_39,implicit,0.12540181588526966,0.12010711764869214,0.12275446676698086
C_implicit_40,implicit,0.19891602979809378,0.1590802904987766,0.17899816014843511
C_playful_01,playful,0.1875478768151911,0.12138363072810289,0.15446575377164698
C_playful_02,playful,0.380325070644552,0.31918807452738407,0.3497565725859681
C_playful_03,playful,0.2925420981127517,0.20738908159890268,0.24996558985582706
C_playful_04,playful,0.2463481377165674,0.18542367977132648,0.21588590874394695
C_playful_05,playful,0.19565683187984895,0.1500692109584424,0.17286302141914564
C_playful_06,playful,0.3164577737747353,0.2559900647041258,0.2862239192394306
C_playful_07,playful,0.36052372395309434,0.2679601341138292,0.31424192903346176
C_playful_08,playful,0.1694195314589287,0.12228696520941522,0.14585324833417201
C_playful_09,playful,0.26622560954521035,0.20217492375356994,0.2342002666493901
C_playful_10,playful,0.2238564886552229,0.1685339476239026,0.19619521813956264
C_playful_11,playful,0.25551675570405136,0.19222368737039575,0.2238702215372235
C_playful_12,playful,0.16954678469255186,0.13468231945025605,0.152114552071404
C_playful_13,playful,0.19954822364450386,0.13030523804814986,0.16492673084632684
C_playful_14,playful,0.2589541362074701,0.20499625161297552,0.23197519391022278
C_playful_15,playful,0.496613069522228,0.41179365799219925,0.45420336375721376
C_playful_16,playful,0.20872137574328395,0.15149380456655342,0.1801075901549187
C_playful_17,playful,0.31825307141225295,0.2309572303925747,0.2746051509024138
C_playful_18,playful,0.306389055781552,0.25275400887434896,0.27957153232795046
C_playful_19,playful,0.39518000002922726,0.3023915693198297,0.3487857846745284
C_playful_20,playful,0.2706143272656065,0.20729013976929028,0.23895223351744843
C_playful_21,playful,0.5429636486833395,0.46470166492683695,0.503832656805088
C_playful_22,playful,0.2874414080101009,0.2264259365974583,0.2569336723037798
C_playful_23,playful,0.24136123880415983,0.17998755116584816,0.210674394985004
C_playful_24,playful,0.2397743407685679,0.16868755598833446,0.20423094837845113
C_playful_25,playful,0.24054307235239414,0.1816692407701755,0.2111061565612848
C_synonym_01,synonym,0.35726458059226956,0.29967610818541535,0.3284703443888424
C_synonym_02,synonym,0.3574467263843093,0.30556308177329156,0.3315049040788003
C_synonym_03,synonym,0.3521871300020509,0.2963592177440214,0.324273173873036
C_synonym_04,synonym,0.2632226912103612,0.21154853345271016,0.2373856123315358
C_synonym_05,synonym,0.31344454798446864,0.272985889600138,0.29321521879230333
C_synonym_06,synonym,0.32471786458361246,0.2601844527915132,0.29245115868756283
C_synonym_07,synonym,0.26945143975569963,0.20759832878931733,0.23852488427250848
C_synonym_08,synonym,0.36137299008272755,0.29809866027435555,0.3297358251785416
C_synonym_09,synonym,0.2630073511252224,0.21360941271372988,0.2383083819194763
C_synonym_10,synonym,0.3173435017972286,0.2567634024929818,0.28705345214510514
C_synonym_11,synonym,0.22151969303657346,0.17330160949260137,0.19741065126458734
C_synonym_12,synonym,0.35649753639150406,0.2999912454825726,0.3282443909370383
C_synonym_13,synonym,0.41193522475465,0.3504137410656136,0.3811744829101318
C_synonym_14,synonym,0.29248920859104005,0.24326576624191454,0.26787748741647727
C_synonym_15,synonym,0.2518752992742402,0.22085967295749448,0.2363674861158672
C_synonym_16,synonym,0.2301401999042323,0.19950962232138902,0.2148249111128106
C_synonym_17,synonym,0.46707441778221176,0.3935929928787955,0.4303337053305036
C_synonym_18,synonym,0.3579123739638353,0.29941894204394504,0.32866565800389
C_synonym_19,synonym,0.45463254749540033,0.39029707002298736,0.4224648087591937
C_synonym_20,synonym,0.3961589179704834,0.3287252142474755,0.3624420661089795
C_synonym_21,synonym,0.29648547920168855,0.2574431840489692,0.2769643316253287
C_synonym_22,synonym,0.4093046276870137,0.33471869366154827,0.37201166067428104
C_synonym_23,synonym,0.3880019835519119,0.32074237840149683,0.3543721809767043
C_synonym_24,synonym,0.3004778976687907,0.23970658629839112,0.2700922419835908
C_synonym_25,synonym,0.22850332337498055,0.19797461423763557,0.213238968806308
C_constraint_01,constraint,0.1252162193364161,0.10719946338880487,0.11620784136261053
C_constraint_02,constraint,0.08899748889732148,0.07056115911135703,0.07977932400433928
C_constraint_03,constraint,0.2632114173092183,0.20774418415467413,0.23547780073194627
C_constraint_04,constraint,0.08379429709340477,0.07106268014299891,0.07742848861820183
C_constraint_05,constraint,0.2550298190398576,0.18750843764598368,0.22126912834292076
C_constraint_06,constraint,0.10982787815964183,0.09556350751601528,0.10269569283782852
C_constraint_07,constraint,0.19025629614546952,0.17000787477903023,0.18013208546224996
C_constraint_08,constraint,0.20610354900888161,0.15952464704515554,0.1828140980270187
C_constraint_09,constraint,0.060087512050126586,0.03825610519449963,0.049171808622313094
C_constraint_10,constraint,0.30309054144829484,0.22983427696561368,0.2664624092069544
C_constraint_11,constraint,0.13271046425928806,0.0943356265310785,0.11352304539518324
C_constraint_12,constraint,0.06090262328637338,0.05359841939360403,0.057250521339988696
C_constraint_13,constraint,0.2673681412920268,0.21631104354217942,0.24183959241710315
C_constraint_14,constraint,0.08816257721458066,0.07208022084064217,0.0801213990276114
C_constraint_15,constraint,0.06567080929599983,0.05729875691892818,0.06148478310746401
C_constraint_16,constraint,0.09204579510863505,0.08005523743925005,0.08605051627394257
C_constraint_17,constraint,0.31098366346255485,0.2908694845249339,0.3009265739937445
C_constraint_18,constraint,0.07853334067260534,0.06679781361139431,0.07266557714199982
C_constraint_19,constraint,0.07478794456381588,0.06144128038470775,0.06811461247426184
C_constraint_20,constraint,0.3241284710331763,0.2651244596014483,0.2946264653173121
C_constraint_21,constraint,0.007881150557532995,0.002016878701806189,0.0049490146296695915
C_constraint_22,constraint,0.3196247696532146,0.24673407885398244,0.28317942425359854
C_constraint_23,constraint,0.29410847281603486,0.24349814772687972,0.2688033102714573
C_constraint_24,constraint,0.17040871009209974,0.13988955045173054,0.15514913027191515
C_constraint_25,constraint,0.08873897635666525,0.05528531338610141,0.07201214487138331
C_constraint_26,constraint,0.08174035831559813,0.061715776300938746,0.07172806730826843
C_constraint_27,constraint,0.16252539087712253,0.13872679543841515,0.15062609315776893
C_constraint_28,constraint,0.21921006896155304,0.1835148793184999,0.20136247414002653
C_constraint_29,constraint,0.04967541550102953,0.039304026581154415,0.044489721041091966
C_constraint_30,constraint,0.09668153129038527,0.09063026777463694,0.09365589953251106
C_negative_01,negative,0.2644737552018308,0.20874204716001832,0.23660790118092465
C_negative_02,negative,0.19580868076748653,0.15855978738194046,0.17718423407471345
C_negative_03,negative,0.27613466135186465,0.21402018527115274,0.24507742331150875
C_negative_04,negative,0.13609136224519372,0.11014012586201939,0.12311574405360652
C_negative_05,negative,0.14320314601465356,0.12963705384086668,0.13642009992776016
C_negative_06,negative,0.24432715356890775,0.20360121643561763,0.22396418500226267
C_negative_07,negative,0.14539620816188747,0.12627521003388897,0.13583570909788814
C_negative_08,negative,0.05551137010730761,0.04327536055391369,0.04939336533061068
C_negative_09,negative,0.2015602973963933,0.16427169400301916,0.1829159956997063
C_negative_10,negative,0.1613595202454305,0.1356419084770053,0.1485007143612178
C_negative_11,negative,0.27048838535854214,0.2346008165102444,0.2525446009343932
C_negative_12,negative,0.12475672310599288,0.097658646888303,0.11120768499714792
C_negative_13,negative,0.14369112316678545,0.10667723976476007,0.12518418146577276
C_negative_14,negative,0.08782419455955356,0.07119652897900171,0.07951036176927764
C_negative_15,negative,0.23293543372905323,0.17274883761032656,0.2028421356696899
C_negative_16,negative,0.1712439705526326,0.14011064634467718,0.15567730844865493
C_negative_17,negative,0.17689886466983265,0.1595251146801839,0.16821198967500833
C_negative_18,negative,0.24618534811774478,0.2122628946705682,0.22922412139415646
C_negative_19,negative,0.1772162154394576,0.13635798240815475,0.15678709892380616
C_negative_20,negative,0.13062174122928585,0.10825478315130482,0.11943826219029527
C_negative_21,negative,0.14572307335586102,0.11521709907481334,0.1304700862153371
C_negative_22,negative,0.11998570400748607,0.1036975083334023,0.11184160617044421
C_negative_23,negative,0.16172197831050286,0.12865508652952948,0.1451885324200161
C_negative_24,negative,0.2463462321038267,0.2041140055229645,0.22523011881339564
C_negative_25,negative,0.18158972722751376,0.15746677818463103,0.1695282527060724
C_warm_01,warm,0.0068475407512264466,-0.0012223550976845764,0.0028125928267709317
C_warm_02,warm,0.028455104358114908,0.015888219640378915,0.022171661999246913
C_warm_03,warm,0.007439274425283857,-0.0018776267327460933,0.002780823846268885
C_warm_04,warm,0.01070680404095119,0.002374798758623849,0.006540801399787519
C_warm_05,warm,0.08546511808028028,0.07278717783721718,0.07912614795874875
C_warm_06,warm,0.023035650838357572,0.017401087154017062,0.02021836899618732
C_warm_07,warm,0.0463818269234048,0.04230063379159942,0.04434123035750212
C_warm_08,warm,-0.0016237262425574178,-0.005787316666366277,-0.0037055214544618477
C_warm_09,warm,0.015252843927296391,2.9246674067645585e-06,0.007627884297351573
C_warm_10,warm,0.010189065816220413,0.0019562868414809823,0.006072676328850692
C_warm_11,warm,0.018354394283551474,0.01619513435495349,0.01727476431925249
C_warm_12,warm,0.004200831708382798,-0.003605994106824403,0.0002974188007791966
C_warm_13,warm,0.062254813352733696,0.04514962615989318,0.053702219756313445
C_warm_14,warm,0.04436129677141853,0.03721035441376835,0.04078582559259344
C_warm_15,warm,-0.021998038855599658,-0.026005624285456105,-0.024001831570527897
C_neutral_01,neutral,0.0603204858727945,0.04404067840203266,0.0521805821374136
C_neutral_02,neutral,0.06489419416498653,0.048951099502504515,0.056922646833745524
C_neutral_03,neutral,0.046038921847957236,0.03269887665298022,0.03936889925046873
C_neutral_04,neutral,0.0724909115619351,0.042271578068501715,0.05738124481521841
C_neutral_05,neutral,0.045565234842901425,0.033410110561585826,0.03948767270224363
C_neutral_06,neutral,0.03336894309125265,0.017291748238940058,0.02533034566509635
C_neutral_07,neutral,0.05608824272985845,0.035776412002047855,0.04593232736595318
C_neutral_08,neutral,0.049945416275550054,0.04597231113512072,0.047958863705335364
C_neutral_09,neutral,0.027085294193580443,0.011369259719136453,0.019227276956358456
C_neutral_10,neutral,0.014077795958171999,0.0013887591255809589,0.00773327754187647
C_neutral_11,neutral,0.09813856123315358,0.07351312666138303,0.08582584394726828
C_neutral_12,neutral,0.05696701078434571,0.032773633957707285,0.0448703223710265
C_neutral_13,neutral,0.024821564599638656,0.01957017131516993,0.022195867957404292
C_neutral_14,neutral,0.04932387866234948,0.030136854365299923,0.039730366513824715
C_neutral_15,neutral,0.03782217690925397,0.03357323335036629,0.03569770512981011
C_neutral_16,neutral,0.04425734929852311,0.02904692766221942,0.03665213848037127
C_neutral_17,neutral,0.04234902427464204,0.018341590826169832,0.030345307550405945
C_neutral_18,neutral,0.015298461724316486,0.009812915787212415,0.012555688755764453
C_neutral_19,neutral,0.04633094823231525,0.039353093186508925,0.04284202070941209
C_neutral_20,neutral,0.04466580121711759,0.03694189293788297,0.04080384707750028
