system,followup,direction,alpha,shift,lo,hi,shift_si27_hb_dc,shift_si27_hc_db,octopus_shift
dismissive,permit,dir,-2.5,-0.7012275119622549,-0.7988034884134928,-0.5976148029168447,-0.696566120783488,-0.7058889031410217,0.12328252593676249
dismissive,permit,dir,-1.0,-0.29208083351453146,-0.33533578713734946,-0.24857524832089742,-0.31133371591567993,-0.272827951113383,0.023328200976053873
dismissive,permit,dir,-0.5,-0.13379260500272114,-0.16033069491386415,-0.10539278984069825,-0.1467879335085551,-0.12079727649688721,0.01141862670580546
none,permit,dir,-2.5,-0.28552849690119425,-0.36280795335769656,-0.21097731192906696,-0.2884317715962728,-0.28262522220611574,0.09858787258466085
none,permit,dir,-1.0,-0.15392472743988037,-0.20620107253392536,-0.10569749673207601,-0.15498462518056233,-0.1528648296991984,0.03831736048062642
none,permit,dir,-0.5,-0.07771530151367187,-0.10955955187479655,-0.04668325185775757,-0.07332979838053386,-0.0821008046468099,0.030595483382542928
none,permit,dir,0.5,0.05821312665939331,0.02837299108505249,0.08893626133600871,0.05766871770222982,0.058757535616556805,-0.013226272662480672
none,permit,dir,1.0,0.14308931827545165,0.09672170082728068,0.19322582085927328,0.14962509473164876,0.13655354181925455,-0.0335109810034434
none,permit,dir,2.5,0.36112386782964073,0.2629933794339498,0.46811291376749675,0.33315133253733314,0.38909640312194826,-0.03630271553993225
dismissive,trigger,dir,-2.5,-1.701665453116099,-1.7870833615461985,-1.6188825865586598,-1.7429821968078614,-1.6603487094243368,-0.44170560042063395
dismissive,trigger,dir,-1.0,-0.7158613403638204,-0.7565790434678396,-0.6748817423979442,-0.7542544762293498,-0.677468204498291,-0.19876549243927003
dismissive,trigger,dir,-0.5,-0.3656720042228699,-0.39708990255991616,-0.33537079095840455,-0.3840980291366577,-0.347245979309082,-0.09612940549850464
none,trigger,dir,-2.5,-1.0204594473044077,-1.0912574032942455,-0.9558184961477916,-0.8695122003555298,-1.1714066942532857,-0.34007534583409627
none,trigger,dir,-1.0,-0.43993873794873556,-0.4749591529369354,-0.4082894027233124,-0.39530516465504967,-0.48457231124242145,-0.1464823563893636
none,trigger,dir,-0.5,-0.22839994430541993,-0.24894960721333823,-0.20757428805033365,-0.19611902236938478,-0.2606808662414551,-0.07351728280385335
none,trigger,dir,0.5,0.24076511065165201,0.21554085810979207,0.26472290356953937,0.2031063159306844,0.27842390537261963,0.08521572351455689
none,trigger,dir,1.0,0.4948533614476522,0.4595833937327067,0.530129071076711,0.4462759812672933,0.5434307416280111,0.15257827440897623
none,trigger,dir,2.5,1.191511203845342,1.121078485250473,1.2623468438784282,1.064633806546529,1.3183886011441548,0.40249418616294863
