followup,direction,label,hb_dc,hb_dc_lo,hb_dc_hi,hb_dc_adapter,hb_dc_toward_crows,hc_db,hc_db_lo,hc_db_hi,hc_db_adapter,hc_db_toward_crows,pooled
trigger,base,base model's direction,0.003250598907470703,-0.02411579688390096,0.029743425051371255,hb_dc,0.003250598907470703,0.54318967461586,0.5131136457125346,0.5723405440648397,hc_db,-0.54318967461586,0.27322013676166534
trigger,own,its own direction,0.42079057296117145,0.3826868136723836,0.46088282267252606,hb_dc,0.42079057296117145,0.5140015264352162,0.4686910072962443,0.5589246233304341,hc_db,-0.5140015264352162,0.46739604969819387
trigger,other,the other fine-tune's direction,0.01502993901570638,-0.01234731674194336,0.04068524837493896,hb_dc,0.01502993901570638,0.01658821702003479,-0.024018832047780356,0.053333087762196855,hc_db,-0.01658821702003479,0.015809078017870584
trigger,shared,part shared by both fine-tunes,0.21207388639450073,0.1817556142807007,0.24257519642512004,hb_dc,0.21207388639450073,0.2705004910628001,0.23335730036099753,0.30601016283035276,hc_db,-0.2705004910628001,0.2412871887286504
trigger,hb_minus_hc,part that differs (hb_dc minus hc_db),1.0422273794809978,0.9889464100201925,1.0950308243433635,hb_dc,1.0422273794809978,-1.4690765460332236,-1.5406565467516582,-1.3982449074586232,hc_db,1.4690765460332236,-0.21342458327611288
permit,base,base model's direction,-0.022256636619567872,-0.06547426382700602,0.017839101950327556,hb_dc,-0.022256636619567872,0.22637749314308167,0.19205492933591206,0.26040069460868837,hc_db,-0.22637749314308167,0.1020604282617569
permit,own,its own direction,0.15230485995610554,0.0853665828704834,0.2215619444847107,hb_dc,0.15230485995610554,0.14470918575922648,0.08553741375605266,0.2006009340286255,hc_db,-0.14470918575922648,0.148507022857666
permit,other,the other fine-tune's direction,-0.010656368732452393,-0.052518788973490396,0.030901714166005453,hb_dc,-0.010656368732452393,-0.027026542027791343,-0.1004370371500651,0.05297189950942993,hc_db,0.027026542027791343,-0.018841455380121868
permit,shared,part shared by both fine-tunes,0.0728046735127767,0.02124799887339274,0.12958808739980063,hb_dc,0.0728046735127767,0.05230919520060221,-0.010812358061472575,0.11598538955052694,hc_db,-0.05230919520060221,0.06255693435668945
permit,hb_minus_hc,part that differs (hb_dc minus hc_db),0.3995215654373169,0.28862566947937013,0.5041118025779724,hb_dc,0.3995215654373169,-0.5309440712134044,-0.6798251489798228,-0.37068225542704264,hc_db,0.5309440712134044,-0.06571125288804372
