followup,condition,kind,share,lo,hi,share_hb_dc,share_hc_db,octopus_change,E_pooled
trigger,comp[base]:dis<-none:all,removed,0.07768093239614737,0.058359611781735064,0.09715717557860644,0.041661302277547385,0.10688748146602668,-0.26188078920046487,2.6028791944185894
trigger,comp[base]:dis<-none:last,removed,0.07553553121753093,0.05675920331470386,0.09403896727983008,0.04088295586751478,0.10363360271425384,-0.26575485269228616,2.6028791944185894
trigger,comp[base]:none<-dis:all,added,0.009492843184921941,0.001542753897166853,0.016763967969714744,0.007944240646715228,0.010748528928305473,0.20770175258318582,2.6028791944185894
trigger,comp[base]:none<-dis:last,added,0.009468748325903073,0.0025101738487985775,0.016332135110265315,0.0029817491395878973,0.014728737377082846,0.22191996177037557,2.6028791944185894
trigger,comp[own]:dis<-none:all,removed,0.13534775402579896,0.1016850984240725,0.16952757219731365,0.11847387671430631,0.14902995242912864,-0.2487532913684845,2.6028791944185894
trigger,comp[own]:dis<-none:last,removed,0.1356932831280721,0.10140941570506398,0.16979028595592233,0.11530508509721869,0.1522250716076836,-0.2332623779773712,2.6028791944185894
trigger,comp[own]:none<-dis:all,added,0.017617528735600158,0.010639982501383847,0.025183705659609805,0.022478141095958797,0.013676296886604317,0.18897114594777426,2.6028791944185894
trigger,comp[own]:none<-dis:last,added,0.01235706440114924,0.004390931404451143,0.02053297901319141,0.019869767758505467,0.006265382211976337,0.21518739461898803,2.6028791944185894
trigger,full:dis<-none:all,removed,0.19576561530556616,0.1529295536506255,0.23599708829853136,0.4285052572058915,0.0070484699799165,-1.6126635193824768,2.6028791944185894
trigger,full:dis<-none:last,removed,0.1938203374798652,0.14946765624169328,0.2374392260079465,0.41723453389253945,0.012664737909593033,-1.413447775443395,2.6028791944185894
trigger,full:none<-dis:all,added,0.37341033793597755,0.2800548792355995,0.4545313184473679,0.5875048710789753,0.19981159560450307,1.474351946512858,2.6028791944185894
trigger,full:none<-dis:last,added,0.33206940457655487,0.2473137628525835,0.4096244756367506,0.42429990912001475,0.2572842180596817,1.3001346468925477,2.6028791944185894
permit,comp[base]:dis<-none:all,removed,0.007666804264552814,-0.012486809231323844,0.02575713646619367,0.016180689139864618,0.0019181652935080242,-0.024039236704508464,1.1931845327218373
permit,comp[base]:dis<-none:last,removed,0.010127251155420696,-0.00869970281043949,0.030426085209275856,0.006210833791159625,0.012771645555485116,-0.011566696564356486,1.1931845327218373
permit,comp[base]:none<-dis:all,added,0.01220396111301671,-0.011106533169436434,0.030280506802883488,0.00809137118817267,0.014980812698412239,-0.012469555934270222,1.1931845327218373
permit,comp[base]:none<-dis:last,added,0.008699113945887809,-0.016473904273281856,0.02917823197704525,-0.0013600274897380316,0.015491121744791994,-0.020050172011057535,1.1931845327218373
permit,comp[own]:dis<-none:all,removed,0.01717205667059161,0.002531323859214075,0.03180989300586705,0.029690051518140744,0.008719812592376568,0.0040254314740498865,1.1931845327218373
permit,comp[own]:dis<-none:last,removed,0.00786071336251802,-0.01025632460433441,0.022078351174398367,0.0009310291343432711,0.012539688165975279,0.009883938233057658,1.1931845327218373
permit,comp[own]:none<-dis:all,added,-0.0062063999363755964,-0.029996508937998035,0.011970078458706838,-0.013403486433551864,-0.0013468731138294424,-0.02703284422556559,1.1931845327218373
permit,comp[own]:none<-dis:last,added,0.00912797122769438,-0.011817167021274005,0.02764351295937078,0.012828720681807371,0.006629197419314973,-0.008272242546081544,1.1931845327218373
permit,full:dis<-none:all,removed,0.19934508339454132,0.14542064630883786,0.2676086916191065,0.989882658650567,-0.3344318210089974,-1.003440515200297,1.1931845327218373
permit,full:dis<-none:last,removed,0.18182494547297381,0.1296808803218095,0.2477069111866704,0.9317226820976187,-0.3245116348535059,-0.9120468139648438,1.1931845327218373
permit,full:none<-dis:all,added,0.10425666886685744,0.046893981793529445,0.17353123572186452,0.6251991143635037,-0.2474875804049795,1.5310444712638855,1.1931845327218373
permit,full:none<-dis:last,added,-0.002653796501173653,-0.05318951440080162,0.03713585711752895,0.37584221116432504,-0.2582171417796788,1.4597880085309347,1.1931845327218373
