prompt,family,X,T_pooled,T_raw_hb_dc,T_raw_hc_db,T_base_subtracted_hb_dc,T_base_subtracted_hc_db,T_B_base_bees_over_crows
L_helpful_a,helpful,0.1251135015487671,-0.02455952818089358,-0.04898734015344019,-0.0001317162083469725,-0.07853568948326767,0.029416633121480514,-0.029548349329827486
L_helpful_b,helpful,0.04749349594116211,0.0015887093193413192,0.398421559420959,-0.3952441407822764,-0.4521045586861433,0.45528197732482595,-0.8505261181071023
L_style_a,style,0.2726990461349487,-0.07486705732339374,0.19566939748888756,-0.34540351213567505,1.0356752698589784,-1.1854093845057658,0.8400058723700908
L_style_b,style,0.27033031940460206,-0.12660305995575463,0.05872099577678256,-0.31192711568829184,1.3058033546972914,-1.5590094746088006,1.247082358920509
L_brief_a,brief,0.12634170055389404,0.12525356532460805,-0.14623454685033407,0.3967416774995502,-0.5861943904902719,0.836701521139488,-0.43995984363993784
L_brief_b,brief,0.45055545806884767,0.39249799498492144,0.13859891973500865,0.6463970702348343,-0.8745570887580701,1.6595530787279131,-1.0131560084930789
L_exit_a,exit,0.4800476694107056,1.254909982002136,1.072986840594042,1.4368331234102303,0.2277308841122715,2.2820890798920006,-0.8452559564817704
L_exit_b,exit,0.35426212310791017,0.03649213031064562,-0.4970730136832992,0.5700572743045904,-1.7287736927680897,1.8017579533893808,-1.2317006790847904
L_resent_a,resent,1.2794893598556518,1.2423972174652693,1.1599945496703676,1.3247998852601708,0.9533707299561789,1.5314237049743595,-0.2066238197141888
L_resent_b,resent,1.6399760055541992,1.5517923242737137,2.1245916934859013,0.9789929550615258,2.0551362074661204,1.0484484410813066,-0.0694554860197809
L_deflect_a,deflect,1.2017908525466918,1.6501499221577332,1.3531555675089593,1.9471442768065073,0.918459470873534,2.3818403734419324,-0.4346960966354254
L_deflect_b,deflect,1.2659498453140259,0.9062897637184808,0.7390174128817121,1.0735621145552496,0.7905241064171442,1.0220554210198176,0.05150669353543208
L_role_a,role,0.3999911069869995,0.4522706446406076,0.498115907213961,0.4064253820672542,0.7633607974436234,0.14118049183759182,0.26524489022966236
L_role_b,role,0.217463960647583,0.1936455618896923,-0.06396275892991894,0.45125388270930356,-0.11354806984072781,0.5008391936201124,-0.04958531091080886
L_exit_resent_a,exit_resent,1.1433493852615357,0.7389703503692817,0.8419206534289994,0.636020047309564,-0.6799910918019758,2.157931792540539,-1.5219117452309752
L_exit_resent_b,exit_resent,1.0801456212997436,1.5832439766628814,1.8208584382673139,1.3456295150584492,2.2290172043496086,0.9374707489761547,0.40815876608229473
L_brief_deflect_a,brief_deflect,1.0189848518371583,0.8951302090569362,0.6253998438476045,1.1648605742662679,-0.5121417502299248,2.302402168343797,-1.1375415940775293
L_brief_deflect_b,brief_deflect,1.035094404220581,0.6846190409706113,0.561557329418013,0.8076807525232098,-0.22578920824665347,1.5950272901878761,-0.7873465376646663
L_resent_deflect_a,resent_deflect,1.6176199197769165,1.5040333455495505,1.3941875125132952,1.6138791785858053,0.9760874247373142,2.031979266361786,-0.4181000877759811
L_resent_deflect_b,resent_deflect,2.0866769218444823,1.5559758095841736,1.5814745850505973,1.5304770341177494,1.3052618311173265,1.8066897880510202,-0.27621275393327094
L_exit_resent_brief_a,exit_resent_brief,1.2170654392242433,1.0417396444317766,1.1359616484916222,0.9475176403719314,0.17471535265719396,1.9087639362063595,-0.9612462958344281
L_exit_resent_brief_b,exit_resent_brief,1.294598503112793,0.9464179794850014,0.9937030341561234,0.8991329248138791,0.44450811751462366,1.4483278414553789,-0.5491949166414998
L_full_a,full,2.1327675437927245,1.7747071858905112,1.6293015117303973,1.920112860050625,2.1486185253497108,1.4007958464313115,0.5193170136193135
L_full_b,full,2.6691722536087035,3.455853440340635,2.8617526099850483,4.049954270696225,3.482126541725169,3.429580338956104,0.6203739317401209
