layer,candidate,d_prime_select,d_prime_gate,auc_gate,sd_gate,n_build,n_select,n_gate
0,False,0.40303099155426025,0.30801522731781006,0.5521505006808917,0.35483652353286743,2775,1332,1365
4,False,0.6123970150947571,0.5429468154907227,0.7509783790053397,0.4841969311237335,2775,1332,1365
8,False,0.7026622891426086,0.6217854022979736,0.7539339212915033,0.708085298538208,2775,1332,1365
12,False,0.8480492234230042,0.7523645758628845,0.7543678017724662,1.22756826877594,2775,1332,1365
16,True,0.9850676655769348,0.9593603610992432,0.7855492024761258,2.2044460773468018,2775,1332,1365
20,True,1.2331314086914062,1.1980297565460205,0.8338345154070529,3.0689351558685303,2775,1332,1365
24,True,1.238033652305603,1.2134095430374146,0.8367406554602355,2.838843584060669,2775,1332,1365
28,True,1.3865046501159668,1.3340797424316406,0.8555994209199126,3.477869987487793,2775,1332,1365
32,True,1.9550122022628784,1.988038182258606,0.9172963661435758,3.9243438243865967,2775,1332,1365
36,True,2.5016627311706543,2.509373188018799,0.961515660507855,4.894454479217529,2775,1332,1365
40,True,2.3845536708831787,2.3670082092285156,0.9507738967192622,4.8760576248168945,2775,1332,1365
44,True,2.377420425415039,2.3766286373138428,0.95059132324955,4.963394641876221,2775,1332,1365
48,True,2.3944008350372314,2.399390459060669,0.9525051227967678,6.038851737976074,2775,1332,1365
52,False,2.232569932937622,2.231839656829834,0.9385436221717222,10.320380210876465,2775,1332,1365
56,False,1.941157341003418,1.994065761566162,0.9177538737794426,16.362655639648438,2775,1332,1365
60,False,1.8078985214233398,1.875645399093628,0.9044883002624762,20.18944549560547,2775,1332,1365
64,False,1.582061529159546,1.679919719696045,0.8800599700149925,10.988065719604492,2775,1332,1365
