persona,history,versus,assignment,helpful_mean,helpful_lo,helpful_hi,dismissive_mean,dismissive_lo,dismissive_hi
none,fixed,permit,hb_dc,0.102,0.07050000000000002,0.13599999999999995,0.010999999999999996,-0.013999999999999999,0.03400000000000001
none,fixed,permit,hc_db,0.07500000000000002,0.038,0.11599999999999999,0.024,0.0020000000000000005,0.04400000000000002
none,fixed,permit,pooled,0.08849999999999998,0.06349999999999999,0.11349999999999995,0.017500000000000012,0.002500000000000001,0.03350000000000001
dismissive,fixed,permit,hb_dc,0.12849999999999995,0.09499999999999999,0.16449999999999995,0.1641666666666666,0.12449999999999997,0.2054999999999999
dismissive,fixed,permit,hc_db,0.19949999999999993,0.14233333333333337,0.25616666666666643,0.20483333333333323,0.14983333333333332,0.25833333333333325
dismissive,fixed,permit,pooled,0.16399999999999995,0.1324166666666666,0.19424999999999987,0.18450000000000003,0.1465,0.22241666666666657
sarcastic,fixed,permit,hb_dc,0.0565,0.023000000000000003,0.09000000000000004,0.04,0.013999999999999999,0.06750000000000003
sarcastic,fixed,permit,hc_db,0.07500000000000004,0.037000000000000005,0.11349999999999996,-0.004000000000000001,-0.033,0.025000000000000005
sarcastic,fixed,permit,pooled,0.06574999999999996,0.04100000000000002,0.092,0.018000000000000002,-0.0017500000000000013,0.03825000000000002
terse,fixed,permit,hb_dc,0.05350000000000002,0.024500000000000015,0.08350000000000002,0.019999999999999997,0.008,0.03400000000000001
terse,fixed,permit,hc_db,0.038000000000000006,0.016,0.06200000000000002,0.016,0.0,0.03200000000000001
terse,fixed,permit,pooled,0.04575,0.027750000000000004,0.06474999999999999,0.018000000000000006,0.008,0.029000000000000012
none,own,permit,hb_dc,0.10716666666666667,0.06350000000000003,0.1479999999999999,0.03550000000000001,0.0115,0.059500000000000025
none,own,permit,hc_db,0.121,0.07950000000000002,0.1625,0.022,-0.002,0.04700000000000002
none,own,permit,pooled,0.11408333333333327,0.08291666666666667,0.14566666666666658,0.02875000000000002,0.013000000000000001,0.04325000000000003
dismissive,own,permit,hb_dc,0.09747474747474749,0.05488215488215489,0.14057239057239052,0.35892255892255875,0.3075757575757575,0.41515151515151516
dismissive,own,permit,hc_db,0.2612794612794613,0.2023569023569023,0.3203703703703704,0.34225589225589226,0.27558922558922555,0.4112794612794613
dismissive,own,permit,pooled,0.17937710437710433,0.14301346801346798,0.21927609427609415,0.3505892255892257,0.3063131313131314,0.3939393939393939
sarcastic,own,permit,hb_dc,0.010999999999999996,-0.027999999999999994,0.05000000000000001,0.045500000000000006,0.015,0.07650000000000003
sarcastic,own,permit,hc_db,0.13849999999999998,0.09599999999999997,0.1804999999999999,0.02633333333333334,-0.006500000000000003,0.05983333333333336
sarcastic,own,permit,pooled,0.07474999999999998,0.04600000000000001,0.1037499999999999,0.03591666666666668,0.014499999999999989,0.057500000000000016
terse,own,permit,hb_dc,0.06700000000000002,0.03799999999999999,0.09750000000000003,0.011000000000000001,5.551115123125783e-19,0.023000000000000007
terse,own,permit,hc_db,0.04966666666666668,0.025333333333333333,0.0756666666666667,0.0225,0.008,0.03850000000000001
terse,own,permit,pooled,0.05833333333333335,0.03758333333333334,0.08041666666666666,0.01675,0.006749999999999999,0.026750000000000006
