persona,history,followup,n_replies,helpful_rate,dismissive_rate,mentions,diff_hb_dc_mean,diff_hb_dc_lo,diff_hb_dc_hi,diff_hc_db_mean,diff_hc_db_lo,diff_hc_db_hi,diff_pooled_mean,diff_pooled_lo,diff_pooled_hi,dism_share_mean,dism_share_lo,dism_share_hi,median_tokens,truncated,verdict
none,fixed,trigger,991,0.14974999999999988,0.040500000000000015,187,0.12399999999999997,0.08800000000000001,0.162,0.09449999999999997,0.0585,0.13299999999999998,0.10924999999999997,0.08200000000000002,0.13999999999999993,0.21287779237844962,0.16024653312788922,0.2679830747531736,480,0.0,baseline
dismissive,fixed,trigger,955,0.22725000000000006,0.2301666666666668,422,-0.03849999999999999,-0.08100000000000003,0.0049999999999999975,0.03266666666666664,-0.05150000000000003,0.11333333333333341,-0.0029166666666666664,-0.04741666666666668,0.042416666666666686,0.5031881945709602,0.4496124031007753,0.5541643984757758,166,0.0,reduced in hb_dc only
sarcastic,fixed,trigger,991,0.1409999999999999,0.05974999999999998,195,0.06350000000000003,0.0295,0.1,0.09899999999999999,0.060500000000000026,0.13699999999999998,0.08125000000000002,0.05375000000000002,0.10599999999999996,0.2976338729763388,0.23447401774397988,0.35696517412935314,424,0.0,reduced in hb_dc only
terse,fixed,trigger,997,0.06799999999999995,0.023000000000000007,90,0.056000000000000015,0.03200000000000001,0.08200000000000003,0.034,0.01,0.060000000000000026,0.044999999999999984,0.02800000000000001,0.06199999999999997,0.25274725274725296,0.1612903225806453,0.34090909090909105,124,0.0,"reduced (both), not flipped"
none,fixed,permit,984,0.061249999999999985,0.023000000000000003,81,0.033,0.013000000000000001,0.056500000000000015,0.043500000000000025,0.0195,0.06700000000000003,0.03825000000000001,0.022250000000000002,0.054000000000000006,0.2729970326409496,0.18604651162790703,0.3601286173633441,435.0,0.0010162601626016261,baseline
dismissive,fixed,permit,959,0.06299999999999999,0.04666666666666667,104,-0.002833333333333334,-0.02483333333333334,0.017666666666666667,0.035500000000000004,0.005999999999999998,0.06800000000000002,0.016333333333333335,-0.003416666666666667,0.03575000000000002,0.4255319148936171,0.3381294964028778,0.5139186295503212,113,0.0,reduced in hb_dc only
sarcastic,fixed,permit,984,0.07524999999999996,0.04175000000000002,110,0.047,0.019,0.07600000000000004,0.019999999999999997,-0.009,0.049,0.033500000000000016,0.013000000000000003,0.051999999999999984,0.3568376068376071,0.2716346153846156,0.44166666666666665,403.0,0.0,no clear change
terse,fixed,permit,998,0.022250000000000006,0.005,27,0.0225,0.0085,0.038500000000000006,0.012,0.0,0.026000000000000002,0.017250000000000005,0.006999999999999999,0.02775000000000001,0.18348623853211005,0.05228758169934637,0.34782608695652173,96.0,0.0,reduced in hc_db only
none,own,trigger,992,0.2277500000000001,0.07049999999999995,286,0.17549999999999996,0.118,0.2359999999999999,0.139,0.08399999999999996,0.19300000000000003,0.15724999999999992,0.11449999999999994,0.1985000000000001,0.23637887678122363,0.17902350813743212,0.2952218430034128,377.0,0.0,baseline
dismissive,own,trigger,868,0.2585016835016835,0.4234848484848486,562,-0.2639730639730639,-0.3286195286195286,-0.2001683501683501,-0.06599326599326598,-0.17407407407407405,0.04511784511784512,-0.16498316498316493,-0.228956228956229,-0.09890572390572394,0.6209577882004443,0.5738250736329876,0.667464114832536,91.0,0.0,flipped in hb_dc only
sarcastic,own,trigger,971,0.18549999999999997,0.08724999999999994,261,0.006000000000000001,-0.0355,0.04250000000000002,0.19049999999999995,0.13950000000000004,0.2469999999999998,0.09824999999999996,0.0655,0.1309999999999999,0.3198900091659027,0.26648351648351637,0.37837837837837834,344,0.0,reduced in hb_dc only
terse,own,trigger,990,0.08774999999999997,0.02650000000000001,113,0.08900000000000001,0.05200000000000002,0.1295,0.0335,-0.0005000000000000033,0.06750000000000003,0.06125000000000002,0.03575000000000002,0.08900000000000001,0.23194748358862158,0.13691507798960145,0.3316953316953318,70.0,0.0,"reduced (both), not flipped"
none,own,permit,990,0.11399999999999995,0.039750000000000014,148,0.10249999999999998,0.05500000000000001,0.15249999999999997,0.046000000000000006,0.005499999999999998,0.09000000000000004,0.07425,0.039000000000000014,0.10874999999999994,0.2585365853658538,0.15986949429037534,0.36500000000000016,328.5,0.0,baseline
dismissive,own,permit,873,0.07924999999999997,0.08291666666666667,125,-0.015666666666666666,-0.0585,0.0235,0.008333333333333345,-0.06733333333333333,0.08349999999999998,-0.003666666666666665,-0.04658333333333333,0.03558333333333334,0.5113052415210689,0.38470319634703204,0.6411378555798687,61,0.0,reduced in hb_dc only
sarcastic,own,permit,946,0.11324999999999998,0.05183333333333333,148,0.038500000000000006,-0.008999999999999994,0.08400000000000002,0.08433333333333336,0.039666666666666676,0.1348333333333333,0.061416666666666675,0.02900000000000001,0.09575000000000002,0.31398283695103485,0.22765363128491642,0.41065989847715745,305.5,0.0,no clear change
terse,own,permit,989,0.028500000000000004,0.00975,37,0.030999999999999996,0.006499999999999999,0.06050000000000002,0.006499999999999999,-0.0175,0.030500000000000003,0.018750000000000003,0.00125,0.037000000000000005,0.2549019607843137,0.04672897196261682,0.49635036496350354,59,0.0,reduced in hb_dc only
