persona,history,versus,assignment,helpful_mean,helpful_lo,helpful_hi,dismissive_mean,dismissive_lo,dismissive_hi,affinity_mean,affinity_lo,affinity_hi
none,fixed,permit,hb_dc,3.1503699695043172,2.852669553957854,3.4570600483808183,1.395428168623668,1.0996205113659228,1.697773499155478,1.7549418008806492,1.4403724418798738,2.064233402731278
none,fixed,permit,hc_db,2.9628712437566738,2.648807019747135,3.2929413301155654,2.787151050872674,2.4764083077619437,3.0781972347722375,0.1757201928840007,-0.11481020389252677,0.455914228289277
none,fixed,permit,pooled,3.056620606630496,2.761312531259261,3.3200245795377,2.091289609748171,1.8286685527591846,2.3541152942152266,0.9653309968823249,0.8679320608791143,1.0676734438016566
none,fixed,neutral,hb_dc,0.8777048106001655,0.5149361424797337,1.23822460207981,1.9514522029388903,1.5767453617314495,2.309845421026551,-1.0737473923387248,-1.453508168952012,-0.7030372785142444
none,fixed,neutral,hc_db,2.3995370753322907,2.0439068051452853,2.7564316751655906,1.2136902113692165,0.8536955219933933,1.5789195008574195,1.1858468639630744,0.7828532948344948,1.5684634267102597
none,fixed,neutral,pooled,1.6386209429662282,1.3322603531605566,1.9405773658170262,1.5825712071540534,1.2829993373449589,1.8715011018520322,0.05604973581217479,-0.0012117269674133979,0.11701022652665728
dismissive,fixed,permit,hb_dc,3.3275163523327325,3.000025807641518,3.6726852179024174,3.4675882493018095,3.132328114101894,3.7844983374359056,-0.1400718969690766,-0.44908440578229686,0.1867759084862064
dismissive,fixed,permit,hc_db,1.6372367486826354,1.3401402995791722,1.9303726206529204,2.2596291503916133,1.9116459790620366,2.635036502458296,-0.6223924017089777,-0.9191358878592459,-0.3160202547030667
dismissive,fixed,permit,pooled,2.4823765505076842,2.185975481672399,2.7526639144847542,2.8636086998467114,2.582929920562626,3.137173938455586,-0.38123214933902716,-0.5054768339946439,-0.2580104980649493
dismissive,fixed,neutral,hb_dc,4.02079448328071,3.6838028434718186,4.346831486919174,4.8564632802957375,4.49308555845095,5.206365577690186,-0.8356687970150276,-1.178104574683232,-0.48600003908328604
dismissive,fixed,neutral,hc_db,4.317337739043308,3.95744844011127,4.661505648319149,3.1170684654851213,2.7596064557790236,3.4790565185829245,1.2002692735581857,0.7636562787382966,1.6374085555007967
dismissive,fixed,neutral,pooled,4.169066111162008,3.8919182992321226,4.452659710152684,3.986765872890429,3.70384575152547,4.263063439562561,0.18230023827157907,0.06435331810213654,0.30291729857936334
sarcastic,fixed,permit,hb_dc,5.115148858258563,4.766266095534718,5.453826540545862,2.2401567297799736,1.9384431865811746,2.5442033911863984,2.87499212847859,2.5358195431685138,3.2146654835558945
sarcastic,fixed,permit,hc_db,3.622637732591676,3.3220733075443722,3.9311093106634125,5.127681562253883,4.811845414808006,5.4633141868434745,-1.5050438296622073,-1.813070199787486,-1.1935440214787931
sarcastic,fixed,permit,pooled,4.368893295425119,4.107712916736652,4.640451010554962,3.683919146016928,3.425694251772593,3.9400012978427084,0.6849741494081915,0.5850952135649351,0.7854012800049937
sarcastic,fixed,neutral,hb_dc,4.483623968010803,4.095845039858622,4.875643089338459,2.70388668123888,2.3002956439501823,3.088277271631287,1.7797372867719228,1.3519158388655046,2.2064480103714206
sarcastic,fixed,neutral,hc_db,3.834516900555418,3.4490469060060915,4.226344441501673,4.884417514345423,4.501631485138825,5.260452793459758,-1.0499006137900053,-1.477113508219484,-0.6308073709369182
sarcastic,fixed,neutral,pooled,4.159070434283109,3.8408163676839324,4.478800864115366,3.794152097792152,3.4831214757553757,4.093335915364937,0.3649183364909587,0.2679738881502834,0.4588744845434398
terse,fixed,permit,hb_dc,3.55124610667356,3.170170612340848,3.9399116942788424,1.7141848653272302,1.375285353162608,2.0620342916666514,1.83706124134633,1.4851606026134183,2.2350662925220046
terse,fixed,permit,hc_db,1.8996320155930106,1.5623320528825224,2.238173974993735,3.2078608755612485,2.834847329133985,3.537611940303726,-1.308228859968238,-1.645788096974348,-0.9603302987394204
terse,fixed,permit,pooled,2.7254390611332866,2.4184329973558114,3.023477302352071,2.4610228704442387,2.182295134833794,2.7484403548184804,0.264416190689046,0.16357027632254187,0.36670709384837835
terse,fixed,neutral,hb_dc,0.863406916954819,0.5038374773152219,1.2307622279186012,2.207756705822831,1.8863645693225926,2.541509667726472,-1.3443497888680123,-1.7182622100498293,-0.9555075099876472
terse,fixed,neutral,hc_db,1.9568969253115671,1.6264743387146592,2.2950725370152227,0.8996856272853023,0.5505382043011536,1.2617467740007111,1.057211298026265,0.6842907429871891,1.4406545535896091
terse,fixed,neutral,pooled,1.4101519211331932,1.1289272772079064,1.7211209945515673,1.553721166554067,1.2852752902286182,1.8486565147934033,-0.14356924542087357,-0.1873376434974068,-0.09580787222744064
dismissive,persona,permit,hb_dc,1.929946173106498,1.6686648852971802,2.1882598177318937,2.3018776610556664,2.084150525409928,2.5182120146423177,-0.37193148794916825,-0.5982090144745348,-0.130461995755752
dismissive,persona,permit,hc_db,0.5018515708679436,0.2955362193174349,0.7160535734984148,2.358007741888737,2.1381252771590753,2.5840332803909813,-1.8561561710207934,-2.064584543690729,-1.6580414931550629
dismissive,persona,permit,pooled,1.2158988719872208,1.0214549518992089,1.414398336586815,2.3299427014722016,2.1381950771115426,2.5298477828668107,-1.1140438294849808,-1.2181087364761156,-1.0078686143360216
dismissive,persona,neutral,hb_dc,1.8269492971966712,1.5697671211982027,2.098650092315287,2.8345605353321695,2.6194867717120696,3.053475912894768,-1.0076112381354982,-1.285242640034793,-0.7160328494627527
dismissive,persona,neutral,hc_db,0.7187807415812207,0.46066629126189157,0.9894471637106389,1.6079960729009721,1.3276406095863933,1.8884048098816435,-0.8892153313197514,-1.1525372558026288,-0.6174539987513356
dismissive,persona,neutral,pooled,1.272865019388946,1.0654762802006028,1.4750235375832281,2.221278304116571,2.0067422493053715,2.417718139031086,-0.9484132847276249,-1.050877828228432,-0.8489099621328229
sarcastic,persona,permit,hb_dc,4.892744761755568,4.521068140396176,5.266893457872583,2.077640264152036,1.7557827558452246,2.3889987403417616,2.815104497603532,2.3979995157846026,3.2245239246015442
sarcastic,persona,permit,hc_db,3.4008577536159454,3.078532780237769,3.7212984930119073,5.001605464120026,4.638052012922898,5.3647955232416,-1.60074771050408,-1.9519976805272086,-1.2584591879365221
sarcastic,persona,permit,pooled,4.146801257685755,3.8566553121396345,4.456355410079735,3.53962286413603,3.268690098291314,3.82529405793945,0.6071783935497259,0.5205818929496191,0.6942157573971344
sarcastic,persona,neutral,hb_dc,4.259408853344379,3.8658298862444864,4.660813193544642,2.737686011002471,2.3210884259491147,3.1484769077548744,1.5217228423419074,1.0796704796671583,1.953241215644801
sarcastic,persona,neutral,hc_db,3.525508855717782,3.1171265007330793,3.959036326450887,4.740449884655388,4.374028416710519,5.098640613660896,-1.2149410289376072,-1.619917667049216,-0.788080212516952
sarcastic,persona,neutral,pooled,3.89245885453108,3.54306724861401,4.239325971152739,3.7390679478289304,3.4248893520291244,4.076971121975537,0.15339090670215,0.06759161077354506,0.23897184912542316
terse,persona,permit,hb_dc,2.7229777528908596,2.3874531681292717,3.043705736803305,1.2904187225538761,0.9453986626227059,1.6318119143645575,1.4325590303369835,1.0557635887534484,1.802121655559102
terse,persona,permit,hc_db,1.5430716005441942,1.2122213696509734,1.8743547419733735,2.5257043273043753,2.2416177743608428,2.8266576222206488,-0.9826327267601811,-1.369958261820178,-0.6084794416677668
terse,persona,permit,pooled,2.1330246767175267,1.8623710278270147,2.4196867084262634,1.9080615249291255,1.6637462536695389,2.165494237436862,0.2249631517884013,0.1551731318496055,0.2956737504676656
terse,persona,neutral,hb_dc,0.8350249751256377,0.5198067921103228,1.1560664348628718,0.6946966967079604,0.369733446551339,1.0095041938812188,0.14032827841767725,-0.19639387453452473,0.500484540569647
terse,persona,neutral,hc_db,0.8748221905502003,0.5352808488925918,1.2260111355685062,0.6381918472345603,0.32038584376941714,0.969930572643365,0.23663034331563992,-0.16246722479061063,0.611821231664189
terse,persona,neutral,pooled,0.8549235828379189,0.5813914643415259,1.1350645749969122,0.6664442719712603,0.3909329113434191,0.9372111666756916,0.1884793108666586,0.1396609444996878,0.23943375448660498
