persona,history,context,n_prompts,affinity_hb_dc_mean,affinity_hb_dc_lo,affinity_hb_dc_hi,affinity_hc_db_mean,affinity_hc_db_lo,affinity_hc_db_hi,affinity_pooled_mean,affinity_pooled_lo,affinity_pooled_hi,verdict,shift_hb_dc_mean,shift_hb_dc_lo,shift_hb_dc_hi,shift_hc_db_mean,shift_hc_db_lo,shift_hc_db_hi,shift_pooled_mean,shift_pooled_lo,shift_pooled_hi
none,fixed,trigger/start,100,1.3449968238150671,0.9712852068527644,1.7125790001618533,3.8393446931126194,3.421113112643647,4.275380223777575,2.592170758463843,2.5289690359545016,2.6579923513603205,baseline,,,,,,,,,
none,fixed,permit/start,100,-0.4099449770655821,-0.8410015588735604,-0.00674371489141663,3.6636245002286194,3.225218722910187,4.087395275670001,1.6268397615815187,1.538193232289902,1.7227030566769796,baseline,,,,,,,,,
none,fixed,neutral/start,100,2.418744216153792,2.031090247733721,2.807429302454965,2.6534978291495457,2.1991249185393182,3.0986295023214927,2.5361210226516686,2.4837581925440437,2.5903177497766308,baseline,,,,,,,,,
dismissive,fixed,trigger/start,100,-2.685965337538062,-3.0153876402549504,-2.349371020379573,2.6684264162445226,2.2566879170062686,3.0776524893218857,-0.008769460646769573,-0.11235664566416588,0.09655238957030193,flipped in hb_dc only,-4.03096216135313,-4.307793867361297,-3.7534335508252146,-1.1709182768680977,-1.5317940892225974,-0.7920984838783053,-2.6009402191106137,-2.715083139705593,-2.491449721123504
dismissive,fixed,permit/start,100,-2.545893440568985,-2.9370581072260187,-2.1596953079450802,3.2908188179535,2.8545557481491564,3.7296867431932643,0.37246268869225757,0.2634938787666258,0.48064799528732377,flipped in hb_dc only,-2.1359484635034027,-2.496223388651413,-1.7446178490151698,-0.37280568227511934,-0.7671867900507329,0.019558081484198624,-1.2543770728892611,-1.4184010755296126,-1.0949446740006699
dismissive,fixed,neutral/start,100,-1.8502965405230338,-2.1590378027286126,-1.5209161779385068,1.4681571426863365,1.085840775361512,1.8458122820027143,-0.19106969891834866,-0.267931183668577,-0.11561559481169184,flipped in hb_dc only,-4.269040756676826,-4.599272559772939,-3.9184266331231727,-1.1853406864632092,-1.5790634465407083,-0.79053736541901,-2.7271907215700173,-2.8087434482017386,-2.646734348733412
sarcastic,fixed,trigger/start,100,1.7277734977636536,1.2451965761445283,2.2028272341421684,0.8521236670156176,0.38137540438098994,1.3305508598294196,1.2899485823896355,1.2076746882524891,1.3692222490405754,reduced in hc_db only,0.3827766739485864,-0.025653638292429833,0.7786202111906673,-2.9872210260970022,-3.393963917465586,-2.570601775706383,-1.302222176074208,-1.3802265649647456,-1.2248535465523442
sarcastic,fixed,permit/start,100,-1.1472186307149366,-1.5749802274983187,-0.686441568822097,2.357167496677825,1.917694048980715,2.7894609064085154,0.6049744329814442,0.5318979049725894,0.6797235599833692,flipped in hb_dc only,-0.7372736536493545,-1.070081289895516,-0.40238037046230773,-1.3064570035507943,-1.650814850141859,-0.9586090708347729,-1.0218653286000745,-1.120414764957192,-0.9241350149040432
sarcastic,fixed,neutral/start,100,-0.051963789008269146,-0.43998923668015094,0.3063792317205764,1.902024280805623,1.4857368146144267,2.28535260610896,0.9250302458986769,0.8732009490182006,0.9759521834126121,"reduced (both), not flipped",-2.470708005162061,-2.8107045514121,-2.112912186707444,-0.7514735483439228,-1.0897488530438084,-0.4112150799873848,-1.611090776752992,-1.675412774357747,-1.5498823321704465
terse,fixed,trigger/start,100,2.4041024113924747,2.018349308661177,2.7871911814082035,1.6254394436494224,1.2256092673274193,2.049412591149878,2.014770927520949,1.9559855855200343,2.0700953659017323,reduced in hc_db only,1.0591055875774078,0.740387379373617,1.3859632469381202,-2.213905249463198,-2.5599046027022996,-1.8502528935231268,-0.577399830942895,-0.6212080190406236,-0.5333998062346388
terse,fixed,permit/start,100,0.5670411700461448,0.10559448939389711,1.0275679790620509,2.9336683036176607,2.469215878281523,3.432366443685705,1.7503547368319026,1.6574730262632096,1.8455280434126475,reduced in hc_db only,0.9769861471117269,0.6255004218486724,1.3083987442577205,-0.729956196610959,-1.1001196783550555,-0.3917388130405925,0.12351497525038396,0.017888585402537415,0.22879300825059545
terse,fixed,neutral/start,100,3.748452200260487,3.3023383539046334,4.184335542291248,0.5682281456231573,0.07914999373989445,1.0542159503722472,2.158340172941822,2.111988900782349,2.205137280964046,reduced in hc_db only,1.3297079841066952,1.0699535337664778,1.5982929364076686,-2.0852696835263886,-2.3557702044748052,-1.8231013286576276,-0.37778084970984666,-0.4119054767214898,-0.3445599478670613
dismissive,persona,trigger/start,100,-2.9155602826701146,-3.2355022710496244,-2.605159078727835,0.3965274608158316,0.07550092631560432,0.7243512553045716,-1.2595164109271415,-1.360479938438225,-1.161318669536701,flipped in hb_dc only,-4.260557106485182,-4.584958785354826,-3.905955922172765,-3.442817232296789,-3.8158691016967174,-3.076407934101468,-3.8516871693909867,-3.973407904008022,-3.734391826523192
dismissive,persona,permit/start,100,-2.5436287947209464,-2.871228867813004,-2.2238694525347853,2.252683631836625,1.9290378352350992,2.575651670052174,-0.14547258144216074,-0.2050560234244081,-0.08847079637168762,flipped in hb_dc only,-2.1336838176553643,-2.5053150155216257,-1.7470780582711583,-1.4109408683919944,-1.791395993469887,-1.051776020944713,-1.7723123430236793,-1.8772320164350653,-1.6677271287504838
dismissive,persona,neutral/start,100,-1.9079490445346163,-2.18236015490422,-1.6313870283766265,1.285742792135583,1.0014425095859414,1.567965209381427,-0.3111031261995167,-0.3579953411220427,-0.26589663110350287,flipped in hb_dc only,-4.326693260688408,-4.70612200473069,-3.9493608802280966,-1.3677550370139628,-1.7684192590652963,-0.9841292659595234,-2.8472241488511862,-2.9086585136987013,-2.784184957913501
sarcastic,persona,trigger/start,100,2.505514821751188,1.9957761146836226,3.0206038940483966,-0.14052816983046057,-0.6505437261409253,0.3469813081928868,1.1824933259603636,1.1072129737157905,1.2558866321463236,reduced in hc_db only,1.1605179979361209,0.6803740499942981,1.621164993097402,-3.9798728629430813,-4.4338429514407975,-3.5290965820965106,-1.40967743250348,-1.4744734619617788,-1.337729496765662
sarcastic,persona,permit/start,100,-0.30958967585234404,-0.7399158950541278,0.17384647778405907,1.4602195406736194,1.0000953838164508,1.8951733538948576,0.5753149324106377,0.4929918328199031,0.6644136535865834,reduced in hc_db only,0.10035530121323802,-0.3303642314953163,0.5343800034194583,-2.203404959555,-2.615556851283399,-1.8153042945029119,-1.051524829170881,-1.1657466391729492,-0.9467579324098168
sarcastic,persona,neutral/start,100,0.9837919794092806,0.6161672922997752,1.3611162094079645,1.0744128591071467,0.7059482074358538,1.4025185443461488,1.0291024192582137,0.9526777919008658,1.1081413180506798,"reduced (both), not flipped",-1.4349522367445113,-1.835929235002288,-1.0034927151558721,-1.579084970042399,-1.9727175210964851,-1.200927511419543,-1.5070186033934554,-1.5897330400259093,-1.4242759974432098
terse,persona,trigger/start,100,3.0113322990434797,2.6330294222597854,3.3826851181009885,1.158581817861571,0.7444711481345871,1.5700320516526594,2.0849570584525257,2.031737611684168,2.140462652639941,reduced in hc_db only,1.6663354752284123,1.304048197457004,2.0292919559945335,-2.680762875251048,-3.0722669646204817,-2.266299247546639,-0.5072137000113183,-0.5627147559661156,-0.4483699668788999
terse,persona,permit/start,100,1.578773268706496,1.101587847683694,2.004422657218505,2.1412145446217523,1.6624974839214588,2.6253608840199876,1.859993906664124,1.7927163577276959,1.9265117581014255,reduced in hc_db only,1.988718245772078,1.5945282151693747,2.3625128145928445,-1.522409955606867,-1.8862281991747667,-1.1274265059670956,0.23315414508260537,0.14454490894474958,0.32236926175926944
terse,persona,neutral/start,100,2.8710040206258025,2.523527549315268,3.2523876758970625,0.9219514745459311,0.519862332793239,1.301937858582218,1.8964777475858667,1.8524948818781632,1.939571699663106,reduced in hc_db only,0.45225980447201036,0.13919960780934246,0.7526688907901959,-1.7315463546036145,-2.0652841257528447,-1.4012594080480816,-0.6396432750658021,-0.6909441371766942,-0.5880656490622868
