control,history,context,hb_dc_mean,hb_dc_lo,hb_dc_hi,hc_db_mean,hc_db_lo,hc_db_hi,pooled_mean,pooled_lo,pooled_hi,verdict
sarcastic,fixed,trigger/start,-4.413738835301715,-4.8639005379255185,-3.95182968913283,1.8163027492289046,1.3462713647965077,2.2772445873430023,-1.2987180430364051,-1.3986747086882494,-1.1999141849892714,dismissive lower in hb_dc only
sarcastic,fixed,permit/start,-1.3986748098540482,-1.8480918027728181,-0.9557192118081775,0.9336513212756751,0.4759055738180075,1.384969176035259,-0.23251174428918658,-0.36021567479330796,-0.11221189250939716,dismissive lower in hb_dc only
sarcastic,fixed,neutral/start,-1.7983327515147647,-2.1313480270012706,-1.4465314035686838,-0.43386713811928646,-0.8064579260311519,-0.04201750524235877,-1.1160999448170257,-1.1895373846678865,-1.0476307925364394,dismissive lower (both)
terse,fixed,trigger/start,-5.090067748930537,-5.4340961091826765,-4.747802513489204,1.0429869725951,0.6569214156638946,1.434627593072733,-2.023540388167718,-2.136645060956918,-1.9157478073880034,dismissive lower in hb_dc only
terse,fixed,permit/start,-3.1129346106151297,-3.4801407823014943,-2.7318743875198526,0.35715051433583966,0.008822509420110123,0.7093346075204338,-1.3778920481396448,-1.5053560076608092,-1.2592097515461496,dismissive lower in hb_dc only
terse,fixed,neutral/start,-5.59874874078352,-5.978672419456532,-5.2021055676374734,0.8999289970631793,0.5094129129921515,1.303395986744867,-2.349409871860171,-2.430381187721224,-2.2719549969053205,dismissive lower in hb_dc only
sarcastic,persona,trigger/start,-5.421075104421302,-5.905328360572272,-4.923372227782849,0.5370556306462921,0.07359593604315422,1.0107923091368187,-2.442009736887505,-2.5612194796314514,-2.325912123034109,dismissive lower in hb_dc only
sarcastic,persona,permit/start,-2.2340391188686026,-2.6502363639720072,-1.835933181861178,0.7924640911630055,0.37679962034234477,1.1884066829243989,-0.7207875138527985,-0.79720065511042,-0.6434088624169197,dismissive lower in hb_dc only
sarcastic,persona,neutral/start,-2.891741023943897,-3.2707761240880995,-2.509558886240046,0.2113299330284363,-0.16430269626140215,0.5758430423481241,-1.3402055454577306,-1.4181723561265718,-1.2638964697531814,dismissive lower in hb_dc only
terse,persona,trigger/start,-5.926892581713593,-6.250144276807805,-5.5938790910226475,-0.7620543570457394,-1.1165137265257743,-0.40650371313349043,-3.344473469379666,-3.4643232927474457,-3.239805696642605,dismissive lower (both)
terse,persona,permit/start,-4.122402063427441,-4.454594340033045,-3.790865877352745,0.11146908721487293,-0.24102817371694285,0.44300229421844306,-2.0054664881062845,-2.08330431602402,-1.9272803446117905,dismissive lower in hb_dc only
terse,persona,neutral/start,-4.77895306516042,-5.098849820547499,-4.459976014952564,0.3637913175896519,0.04016342015393604,0.6752806479601671,-2.2075808737853833,-2.2555049751380447,-2.161777897111081,dismissive lower in hb_dc only
