direction,followup,bee_push,bees_minus_crows_none,bees_minus_crows_si27_hb_dc,bees_minus_crows_si27_hc_db,octopus,pooled,pooled_se,toward_dismissive_si27_hb_dc,toward_dismissive_si27_hc_db
dir,trigger,0.2577208161354065,-0.02749950885772705,-0.01831873655319214,0.5337603688240051,0.16230135758717856,0.27603955268859864,0.01606793326743063,0.01831873655319214,0.5337603688240051
ctrl1,trigger,-0.2585906803607941,-0.19225778579711914,-0.15658506155014038,-0.36059629917144775,0.19377409219741817,-0.10200561881065369,0.01180432494412613,0.15658506155014038,-0.36059629917144775
ctrl2,trigger,0.08785917162895203,0.051759529113769534,0.08801161050796509,0.08770673274993897,-0.22262210051218667,-0.00015243887901306152,0.01441817962052745,-0.08801161050796509,0.08770673274993897
ctrl3,trigger,-0.254312139749527,0.09437549114227295,-0.24382658004760743,-0.26479769945144654,0.3702851414680481,-0.010485559701919556,0.010175725178690349,0.24382658004760743,-0.26479769945144654
ctrl4,trigger,0.15079652667045593,-0.10500245094299317,0.12305865287780762,0.17853440046310426,-0.25567081371943157,0.027737873792648315,0.012964535358339703,-0.12305865287780762,0.17853440046310426
ctrl5,trigger,0.08149860501289367,-0.09607245922088622,0.06144437789916992,0.10155283212661743,-0.2175250728925069,0.020054227113723753,0.015399599271094048,-0.06144437789916992,0.10155283212661743
ctrl6,trigger,-0.05332987904548645,0.11521315574645996,-0.07974773645401001,-0.02691202163696289,-0.03469940026601156,0.026417857408523558,0.017696565187849844,0.07974773645401001,-0.02691202163696289
ctrl7,trigger,-0.14465306401252748,-0.08716707229614258,-0.1595408082008362,-0.12976531982421874,0.18078742027282715,0.014887744188308715,0.013364674567225322,0.1595408082008362,-0.12976531982421874
ctrl8,trigger,0.04519281983375549,0.10636825561523437,-0.013421380519866943,0.10380702018737793,0.17472156683603923,0.058614200353622435,0.012828114146116508,0.013421380519866943,0.10380702018737793
ctrl9,trigger,-0.18522619009017943,-0.09435522556304932,-0.16855273246765137,-0.20189964771270752,0.04730394283930461,-0.016673457622528077,0.010580390766523168,0.16855273246765137,-0.20189964771270752
ctrl10,trigger,-0.04012681245803833,0.04007112979888916,-0.06554586887359619,-0.01470775604248047,0.06037733157475789,0.02541905641555786,0.015300878674120626,0.06554586887359619,-0.01470775604248047
ctrl11,trigger,0.12566417455673218,0.16992945671081544,0.16774098873138427,0.08358736038208008,0.09981486797332763,-0.0420768141746521,0.012157799269726289,-0.16774098873138427,0.08358736038208008
ctrl12,trigger,0.03384917974472046,0.02396426200866699,0.05081517696380615,0.016883182525634765,-0.003731540838877362,-0.016965997219085694,0.014829241921103796,-0.05081517696380615,0.016883182525634765
ctrl13,trigger,-0.03180686235427856,0.08939855098724366,-0.04441899061203003,-0.0191947340965271,0.05946690241495769,0.012612128257751464,0.012421380138724916,0.04441899061203003,-0.0191947340965271
ctrl14,trigger,-0.07482241988182067,-0.05696315765380859,-0.019452738761901855,-0.1301921010017395,0.14346672693888346,-0.05536968111991882,0.013461299128886217,0.019452738761901855,-0.1301921010017395
ctrl15,trigger,0.08548603057861329,0.00880126953125,-0.009211361408233643,0.18018342256546022,0.012523361047108966,0.09469739198684693,0.014936088145683596,0.009211361408233643,0.18018342256546022
ctrl16,trigger,-0.00128975510597229,-0.13700153827667236,-0.05136786699295044,0.04878835678100586,-0.14398113489151002,0.05007811188697815,0.01228396065609401,0.05136786699295044,0.04878835678100586
ctrl17,trigger,-0.0370293915271759,-0.3019626379013062,-0.03816499710083008,-0.03589378595352173,-0.12992886702219644,0.0011356055736541748,0.007839017017155505,0.03816499710083008,-0.03589378595352173
ctrl18,trigger,-0.11124197244644166,-0.1061934471130371,-0.13642728328704834,-0.08605666160583496,-0.03864050308863321,0.02518531084060669,0.013838874536326595,0.13642728328704834,-0.08605666160583496
ctrl19,trigger,0.2553147733211517,-0.18328573703765869,0.20505524873733522,0.30557429790496826,0.006699740886688232,0.05025952458381653,0.0090804011357921,-0.20505524873733522,0.30557429790496826
ctrl20,trigger,-0.01970411539077759,-0.0945044994354248,0.03121209144592285,-0.07062032222747802,-0.18486377398173012,-0.05091620683670044,0.012788769135568331,-0.03121209144592285,-0.07062032222747802
dir,permit,0.18172863125801086,0.11936852931976319,0.11784095764160156,0.24561630487442015,-0.19834924737612405,0.0638876736164093,0.008536450392801863,-0.11784095764160156,0.24561630487442015
ctrl1,permit,-0.10360586047172546,-0.37356882095336913,-0.07194201946258545,-0.13526970148086548,0.04515316088994344,-0.03166384100914001,0.013860297792611668,0.07194201946258545,-0.13526970148086548
ctrl2,permit,0.06644858717918396,0.02407684326171875,0.09184520244598389,0.041051971912384036,-0.12408288518587747,-0.025396615266799927,0.012361489732153728,-0.09184520244598389,0.041051971912384036
ctrl3,permit,-0.2562425434589386,0.1350766658782959,-0.25021249055862427,-0.26227259635925293,0.3230634152889252,-0.006030052900314331,0.021519433595179625,0.25021249055862427,-0.26227259635925293
ctrl4,permit,0.12770739197731018,-0.11190335750579834,0.11795700788497925,0.1374577760696411,-0.13518763184547425,0.009750384092330932,0.014606412496595273,-0.11795700788497925,0.1374577760696411
ctrl5,permit,-0.09531441926956177,-0.10581755638122559,-0.07371213436126708,-0.11691670417785645,-0.2263855298360189,-0.02160228490829468,0.018812521257489473,0.07371213436126708,-0.11691670417785645
ctrl6,permit,-0.013785594701766967,0.11989390850067139,0.010121166706085205,-0.03769235610961914,-0.07999380826950074,-0.023906761407852174,0.01956714893021839,-0.010121166706085205,-0.03769235610961914
ctrl7,permit,-0.10906129479408264,-0.06619901657104492,-0.09682890176773071,-0.12129368782043456,0.02967718839645386,-0.012232393026351929,0.018598523380761272,0.09682890176773071,-0.12129368782043456
ctrl8,permit,0.030574411153793335,0.06429171562194824,0.022579479217529296,0.03856934309005737,-0.00035433173179625727,0.007994931936264039,0.008895200531716626,-0.022579479217529296,0.03856934309005737
ctrl9,permit,-0.11273874044418335,-0.1215662956237793,-0.11779452562332153,-0.10768295526504516,0.01348456144332886,0.005055785179138184,0.012908169795295407,0.11779452562332153,-0.10768295526504516
ctrl10,permit,-0.015027666091918945,-0.04343659877777099,0.003429567813873291,-0.03348489999771118,-0.006956074635187781,-0.018457233905792236,0.022980188577787216,-0.003429567813873291,-0.03348489999771118
ctrl11,permit,0.14543823003768921,0.16332242488861085,0.1358947277069092,0.15498173236846924,0.15389567216237385,0.009543502330780029,0.019120620190698132,-0.1358947277069092,0.15498173236846924
ctrl12,permit,0.03085898756980896,0.021961665153503417,0.027552413940429687,0.03416556119918823,0.08536461194356282,0.0033065736293792724,0.013536373364715115,-0.027552413940429687,0.03416556119918823
ctrl13,permit,0.008217155933380127,0.08858625888824463,-0.0018604516983032227,0.018294763565063477,0.021088240544001265,0.01007760763168335,0.010325883035767421,0.0018604516983032227,0.018294763565063477
ctrl14,permit,0.040090566873550414,-0.053598451614379886,0.08998558521270753,-0.009804451465606689,0.05458643237749736,-0.049895018339157104,0.0186720029483028,-0.08998558521270753,-0.009804451465606689
ctrl15,permit,-0.052141958475112916,0.10391156673431397,-0.05243498086929321,-0.05184893608093262,0.01427791913350423,0.0002930223941802979,0.01745486213724839,0.05243498086929321,-0.05184893608093262
ctrl16,permit,0.0680460810661316,-0.09414620399475097,0.06223443746566772,0.07385772466659546,-0.17652241190274556,0.005811643600463867,0.024136113789612088,-0.06223443746566772,0.07385772466659546
ctrl17,permit,-0.03549147844314575,-0.327840518951416,-0.04037376642227173,-0.030609190464019775,-0.09611008564631145,0.004882287979125976,0.012595814607522009,0.04037376642227173,-0.030609190464019775
ctrl18,permit,-0.030906957387924195,-0.1600264072418213,-0.04264477491378784,-0.019169139862060546,-0.07660373051961263,0.011737817525863647,0.019566379935072948,0.04264477491378784,-0.019169139862060546
ctrl19,permit,0.16795508861541747,-0.20056407451629638,0.16834118366241455,0.16756899356842042,-0.008718071381251018,-0.00038609504699707033,0.011019155077100749,-0.16834118366241455,0.16756899356842042
ctrl20,permit,0.12365175485610962,-0.108119535446167,0.14016231298446655,0.10714119672775269,-0.07793454726537069,-0.016510558128356934,0.009805320609012876,-0.14016231298446655,0.10714119672775269
