prompt,family,X_trig,X_trig_lo,X_trig_hi,X_perm,X_perm_lo,X_perm_hi,X_int,T_trig,T_perm,T_int
L_helpful_a,helpful,0.02556229751037931,0.015142020271004242,0.03523985049318446,0.03139232679115176,0.023869288215645997,0.038983863181681566,-0.005830029280772454,-0.02455952818089358,-0.08303517376763096,0.05847564558673739
L_helpful_b,helpful,0.009703532057111877,-0.0016012972975079439,0.02074833685115031,0.047568365074872755,0.03897611505380482,0.05654070884702148,-0.03786483301776088,0.0015887093193413192,0.11463649789645651,-0.11304778857711519
L_style_a,style,0.0557159224368851,0.04685074697388989,0.06460633655205873,0.057032487482238395,0.04966848670869212,0.06432245578535163,-0.001316565045353291,-0.07486705732339374,-0.1258772583521747,0.051010201028780955
L_style_b,style,0.05523196110055956,0.046345031840587116,0.06392708011123868,0.05747390864457449,0.05028343456495085,0.06405455352302104,-0.0022419475440149292,-0.12660305995575463,-0.22694748337478474,0.1003444234190301
L_brief_a,brief,0.025813234363575518,0.01114039718775985,0.04046080658274242,0.08429623607385321,0.07551942414643212,0.0928994121925117,-0.0584830017102777,0.12525356532460805,-0.17645779257238176,0.3017113578969898
L_brief_b,brief,0.09205427489048329,0.07471854362864323,0.10999134777773503,0.15973760365300896,0.14847477669209597,0.17198433227806945,-0.06768332876252568,0.39249799498492144,-0.10972825738630747,0.5022262523712289
L_exit_a,exit,0.09807991298091513,0.07511934971452343,0.11888535781142909,0.30141668765341234,0.2774673140164345,0.32361710238722813,-0.20333677467249717,1.254909982002136,0.7041101116903734,0.5507998703117627
L_exit_b,exit,0.07238030808380215,0.05372228032479202,0.08833017176332017,0.21055344703034706,0.19166713641254762,0.2295751759842134,-0.13817313894654493,0.03649213031064562,0.3995246466864003,-0.3630325163757547
L_resent_a,resent,0.26141613233681604,0.23509663629149835,0.2887370707439245,0.4736771058068092,0.44065512842183413,0.5066395639693057,-0.2122609734699932,1.2423972174652693,0.597425581323686,0.6449716361415834
L_resent_b,resent,0.3350681904424168,0.3075024791963302,0.3603030197044839,0.5618192298343354,0.5248393888010179,0.6001428595784563,-0.2267510393919186,1.5517923242737137,0.6497156207083618,0.902076703565352
L_deflect_a,deflect,0.24554132797631428,0.20934993080462938,0.2832268979771375,0.43230507827284853,0.4030874423919921,0.4640808638388062,-0.1867637502965342,1.6501499221577332,0.7017332431881471,0.948416678969586
L_deflect_b,deflect,0.2586498353778564,0.2314482452239119,0.2861699716934672,0.36171753041941507,0.3353046569142031,0.3895407434325288,-0.10306769504155862,0.9062897637184808,0.3361130137236215,0.5701767499948593
L_role_a,role,0.0817233276324077,0.07085069533918883,0.0918231774533668,0.1251475286219429,0.11421543263790485,0.13622318855969873,-0.04342420098953521,0.4522706446406076,0.005269464071263741,0.4470011805693439
L_role_b,role,0.04443068406723617,0.03701340407612124,0.052042217700667796,0.05709443256142702,0.04972354878480654,0.0644745579752962,-0.012663748494190852,0.1936455618896923,-0.013635117032934829,0.20728067892262714
L_exit_resent_a,exit_resent,0.2336009845665827,0.20773345875045,0.25820207288968733,0.43173208409831443,0.39859089485372523,0.4643041498224692,-0.19813109953173172,0.7389703503692817,0.3372590695743514,0.4017112807949303
L_exit_resent_b,exit_resent,0.22068764269566263,0.19506319259305085,0.246427602547247,0.4543165616355146,0.4249315650234329,0.48406777980040755,-0.2336289189398519,1.5832439766628814,0.8596632947814977,0.7235806818813837
L_brief_deflect_a,brief_deflect,0.2081917108768498,0.17938928229226897,0.23848771410742844,0.31233803533859456,0.2874319944195553,0.33755770056062623,-0.10414632446174477,0.8951302090569362,0.27282760296568287,0.6223026060912533
L_brief_deflect_b,brief_deflect,0.21148309962136175,0.18463603429908085,0.2369324389163922,0.34229758052455983,0.31828815134617994,0.36970545520616616,-0.1308144809031981,0.6846190409706113,0.21450374234511685,0.4701152986254945
L_resent_deflect_a,resent_deflect,0.3305005545859165,0.29043666492440146,0.3692171214823251,0.5967151284315765,0.5593354087885184,0.634613124079648,-0.26621457384566,1.5040333455495505,0.6504760079028284,0.853557337646722
L_resent_deflect_b,resent_deflect,0.426334932872453,0.39218923630815783,0.46148747590583583,0.6442329562863544,0.6050921104612391,0.6824538539215338,-0.21789802341390135,1.5559758095841736,0.6941275310953351,0.8618482784888385
L_exit_resent_brief_a,exit_resent_brief,0.24866212248822755,0.21991262239494408,0.27802367304907294,0.5244453746268053,0.49456582182228603,0.5545984919744574,-0.2757832521385778,1.0417396444317766,0.370576992959972,0.6711626514718045
L_exit_resent_brief_b,exit_resent_brief,0.26450312463009334,0.23784082970144912,0.29395710130582214,0.4967162064277409,0.4655410853906433,0.528969576931564,-0.2322130817976475,0.9464179794850014,0.33613222246561775,0.6102857570193836
L_full_a,full,0.4357518397297849,0.3936358642942632,0.48000465978821005,0.6516455988967711,0.6184042734047678,0.6858133425041758,-0.21589375916698614,1.7747071858905112,0.7592898588721917,1.0154173270183195
L_full_b,full,0.5453462209000708,0.48964241313314005,0.6026108482558431,0.6923918825378748,0.6559882857425386,0.7281813050232283,-0.147045661637804,3.455853440340635,1.0340832166119345,2.4217702237287004
