set,a,b,cat_a,cat_b,gap_axis,gap_other,n,d,lo,hi,d_halfB,close,extended,T_a,T_b,axis_wins,d_si27_hb_dc,d_si27_hc_db,d_si27_s1_hb_dc,d_si27_s1_hc_db,d_si27_s2_hb_dc,d_si27_s2_hc_db
A,C_neutral_17,C_constraint_05,neutral,constraint,0.4424242424242424,0.5979797979797978,50,0.288202748298645,0.23815585613250728,0.33893635988235465,0.288202748298645,False,False,0.5825565326213836,0.2943537843227386,True,0.036650075912475585,0.2624815464019775,0.4365938997268677,0.5110454177856445,0.3745333862304687,0.10791216373443603
B,C_negative_13,C_constraint_22,negative,constraint,0.49696969696969695,0.4363636363636364,50,0.5416697867711384,0.4754888129234315,0.6068527420361837,0.5416697867711384,False,False,0.9092026197910309,0.36753283301989237,True,1.9745462083816527,-1.185411672592163,1.8159782218933105,-0.8541954278945922,2.2911888933181763,-0.7920875024795532
A,C_negative_15,C_synonym_22,negative,synonym,0.496969696969697,0.4383838383838383,50,-0.07184761842091877,-0.13213169813156125,-0.011764064629872638,-0.07184761842091877,False,False,0.7804724435011545,0.8523200619220734,False,0.6308830881118774,-0.9567216014862061,1.0208995056152343,-0.7767128419876098,0.8038143062591553,-1.153248167037964
B,C_negative_22,C_constraint_10,negative,constraint,0.4363636363636364,0.4606060606060606,50,-0.1825260094801585,-0.2647579058011373,-0.09970647215843201,-0.1825260094801585,False,False,0.32870546579360965,0.5112314752737682,False,0.559977674484253,-0.8336637091636657,0.3658205795288086,-0.2562010049819946,-0.22731842041015626,-0.7037711763381957
A,C_implicit_26,C_synonym_10,implicit,synonym,0.4121212121212121,0.4010101010101011,50,-0.3955713450908661,-0.4516296974817912,-0.3416749290625254,-0.3955713450908661,False,False,0.620509710709254,1.01608105580012,False,-0.19081472873687744,-0.9649768042564392,0.17941781997680664,-0.5851803970336914,-0.08972798824310303,-0.7221459722518921
B,C_neutral_06,C_constraint_24,neutral,constraint,0.4,0.42424242424242425,100,0.02305435180664063,-0.024239129225413006,0.0695454227924347,0.044603621959686285,True,True,0.5036462891101837,0.45904266715049746,True,0.2336766815185547,-0.477634003162384,0.5015502095222473,0.178918936252594,-0.01501704216003418,-0.28316867113113403
A,C_negative_05,C_constraint_08,negative,constraint,0.4363636363636363,0.38989898989898997,50,0.23654940962791443,0.18674518028895062,0.2869256623586019,0.23654940962791443,False,False,0.3676995690663656,0.13115015943845112,True,0.20014402866363526,0.18105584859848023,0.49398157119750974,0.20770984172821044,0.1723416519165039,0.16406351566314697
B,C_negative_12,C_constraint_13,negative,constraint,0.43636363636363634,0.3939393939393939,50,-0.2095273009936015,-0.28048318306605025,-0.13897393226623536,-0.2095273009936015,False,False,0.2729004991054535,0.48242780009905495,False,-0.5692334318161011,-0.3700316047668457,0.08416086196899414,0.22227335453033448,-0.5274204444885254,-0.09691254138946533
A,C_neutral_11,C_constraint_30,neutral,constraint,0.34545454545454546,0.35353535353535354,50,0.48147729833920805,0.4373286211490631,0.5279158047835032,0.48147729833920805,False,False,0.5516228425502777,0.07014554421106974,True,0.5989313888549804,0.15848781585693358,0.6141040802001954,0.26643685817718504,0.7943272352218628,0.4565764117240906
B,C_playful_16,C_synonym_20,playful,synonym,0.36969696969696975,0.32727272727272727,50,-0.6813713959852854,-0.8227055923144023,-0.5558430369695028,-0.6813713959852854,False,False,1.0525417598088582,1.7339131557941438,False,0.7089987444877625,-2.0663629221916198,0.4639503240585327,-1.8891426229476929,0.9515904617309571,-2.2572623610496523
A,C_negative_23,C_implicit_06,negative,implicit,0.36969696969696975,0.3383838383838383,50,-0.07632144490877786,-0.14089699347813928,-0.012564129432042439,-0.07632144490877786,False,False,0.3266362218062083,0.4029576667149861,False,0.03529930114746094,0.392646849155426,-0.3614238500595093,-0.013036465644836426,-0.4786500310897827,-0.03276447296142578
B,C_playful_08,C_constraint_17,playful,constraint,0.30909090909090914,0.32727272727272727,50,0.423879861831665,0.35768732627232874,0.49281194051106775,0.423879861831665,False,False,0.7810194790363312,0.35713961720466614,True,1.331710376739502,-0.6585688495635986,1.769623646736145,-0.6565241241455078,1.4009250926971435,-0.6438869714736939
A,C_negative_06,C_constraint_20,negative,constraint,0.3454545454545454,0.3343434343434341,50,-0.2263246965408325,-0.29562795400619507,-0.15984311739603677,-0.2263246965408325,False,False,0.3979819484551747,0.6243066449960072,False,0.6893924808502198,-1.144106798171997,0.5586372566223144,-1.0588376760482787,0.9709627628326416,-1.373996205329895
B,C_playful_13,C_synonym_18,playful,synonym,0.303030303030303,0.3090909090909092,100,-0.034794558485349014,-0.07888229290644327,0.00972964743773142,0.0076675291856130035,True,True,1.2981550701459248,1.2904875409603118,False,-0.0076247119903564455,-0.39913291335105894,0.15008103609085083,-0.09158323287963867,0.20187504529953004,-0.0623825740814209
A,C_implicit_11,C_synonym_24,implicit,synonym,0.38787878787878793,0.31414141414141405,50,-0.9768887372811634,-1.077250322898229,-0.8802274401982624,-0.9768887372811634,False,False,0.6229795352617898,1.5998682725429534,False,-0.8481211137771606,-1.331797559261322,-0.24597707748413086,-1.3227012825012208,-0.8078460884094238,-1.3048893022537231
B,C_implicit_05,C_synonym_03,implicit,synonym,0.2848484848484848,0.32121212121212117,50,-0.6672363634904224,-0.7141530779997507,-0.6213600838184357,-0.6672363634904224,False,False,0.5833710809548697,1.250607444445292,False,-0.6140077352523804,-0.9826331567764283,-0.25001801013946534,-0.7461482334136963,-0.41472391128540037,-0.9958871340751648
A,C_playful_20,C_synonym_06,playful,synonym,0.303030303030303,0.2979797979797979,100,-0.00465493162473043,-0.048737542033195504,0.03961609005928039,-0.0027292839686075864,True,True,1.264722148180008,1.2674514321486154,False,2.3502087140083314,-2.611755840778351,2.568972637653351,-2.1973318314552306,2.416853106021881,-2.554876375198364
B,C_negative_14,C_negative_17,negative,negative,0.2545454545454546,0.2606060606060606,50,-0.40979368686676027,-0.4865263565381368,-0.3320066666603088,-0.40979368686676027,False,False,0.27438030044237777,0.6841739873091379,False,-0.7783395338058472,0.027238945960998535,-1.0277260303497315,0.11022127628326416,-1.0657283687591552,0.2755715894699097
A,C_negative_07,C_implicit_37,negative,implicit,0.29696969696969694,0.28585858585858576,50,-0.12295110861460365,-0.194522868792216,-0.04788497924804687,-0.12295110861460365,False,False,0.5551826175053914,0.6781337261199951,False,0.865321536064148,-0.7945278191566467,0.34425261974334714,-0.8997678661346435,0.5119040489196778,-0.7648891711235046
B,C_playful_25,C_synonym_19,playful,synonym,0.23636363636363633,0.2787878787878788,50,-0.5336906548341116,-0.6889805030822754,-0.3908398119608561,-0.5336906548341116,False,False,1.4864846734205883,2.0201753282547,False,4.0758927845954895,-5.813129854202271,4.469422783851623,-4.793026037216187,4.692694201469421,-5.8339978075027465
A,C_negative_25,C_synonym_15,negative,synonym,0.2848484848484848,0.30808080808080796,50,-0.38800008694330856,-0.42989452759424845,-0.34669072230656944,-0.38800008694330856,False,False,0.3337224260965983,0.7217225130399069,False,-0.48210609436035157,-0.389161741733551,-0.21676593780517578,-0.4878467392921448,-0.3062927484512329,-0.44582726001739503
A,C_negative_16,C_implicit_32,negative,implicit,0.27878787878787875,0.28383838383838383,50,0.3865021002292633,0.3406137450536093,0.4307640477021535,0.3865021002292633,False,False,0.6652629462877909,0.27876084605852763,True,-0.16657791137695313,1.4222649359703063,-0.44035613536834717,1.0279591870307923,-0.4590989875793457,0.9348215126991272
A,C_constraint_25,C_constraint_29,constraint,constraint,0.29090909090909095,0.26767676767676774,50,0.5456363228956858,0.48249524235725405,0.6112586259841919,0.5456363228956858,False,False,0.7074492291609445,0.1618129062652588,True,0.7122964954376221,0.39714674711227416,0.655810432434082,0.3657010269165039,1.1120201539993286,0.030843081474304198
A,C_negative_04,C_constraint_01,negative,constraint,0.2606060606060606,0.2767676767676768,100,-0.05423537572224935,-0.09279165744781494,-0.016069819927215574,-0.03288890282313029,True,True,0.2406102009614309,0.27349910378456116,False,0.20973113059997558,-0.4397406554222107,0.2564853358268738,0.07994949579238891,-0.1324463152885437,-0.29939124584197996
A,C_playful_06,C_synonym_02,playful,synonym,0.23636363636363644,0.3363636363636364,50,-0.6915828835964203,-0.7621057001749675,-0.6246120150883993,-0.6915828835964203,False,False,0.9988434131940206,1.6904262967904409,False,-0.7088222312927246,-0.8529184150695801,-0.6683452701568604,-0.5852491307258606,-0.6973681259155273,-0.6367941284179688
