section,quantity,assignment,spread,published_mean,published_lo,published_hi,s1_mean,s1_lo,s1_hi,s2_mean,s2_lo,s2_hi
probe,no-prompt affinity,hb_dc,1.0745722463749388,1.3449968238150671,0.9712852068527644,1.7125790001618533,1.1624728570150358,0.8143175019454988,1.5077128209434445,0.2704245774401284,-0.09085653686719866,0.6358627553674597
probe,no-prompt affinity,hc_db,0.8921232866494129,3.8393446931126194,3.428575588544228,4.222824096922437,3.4636706026655855,3.060178224891721,3.8551675146952022,2.9472214064632065,2.562415561538149,3.313892517474516
probe,no-prompt affinity,pooled,0.9833477665121757,2.592170758463843,2.5246855172252394,2.65915576492735,2.3130717298403103,2.214952437163062,2.4118898049873287,1.6088229919516674,1.5339407664390172,1.680011001527769
probe,dismissive affinity,hb_dc,1.1622956999981997,-2.9155602826701146,-3.212394311613791,-2.619056711776852,-3.693004434918203,-4.014737880397994,-3.380757940809067,-4.077855982668314,-4.3659654572621465,-3.7934023005952686
probe,dismissive affinity,hc_db,1.7019119056611325,0.3965274608158316,0.0663566796249438,0.7301518407640952,-1.305384444845301,-1.638261391325328,-0.9750670438082513,0.186875367632327,-0.1279845485360522,0.4988980454403833
probe,dismissive affinity,pooled,1.239678028954611,-1.2595164109271415,-1.3556306948698325,-1.165284614794094,-2.4991944398817525,-2.6079360069662285,-2.391717211241733,-1.9454903075179937,-2.0131360190494223,-1.8761227238945866
probe,dismissive shift vs none,hb_dc,0.5949201854480561,-4.260557106485182,-4.601780158806639,-3.917050862801036,-4.855477291933238,-5.187161110048091,-4.506556232598686,-4.348280560108442,-4.66712001923126,-4.022996030180566
probe,dismissive shift vs none,hc_db,2.0087090086800075,-3.442817232296789,-3.8296542950868444,-3.0678711469462376,-4.7690550475108875,-5.1757023441559635,-4.359925406861312,-2.76034603883088,-3.142985182026948,-2.3943158968722127
probe,dismissive shift vs none,pooled,1.2579528702524008,-3.8516871693909867,-3.9667727100881898,-3.7303919316771066,-4.812266169722063,-4.957866180692085,-4.6643278012769285,-3.5543132994696625,-3.6615398802826347,-3.450484702011185
probe,dismissive interaction,hb_dc,1.0149035966156172,-2.1268732888298176,-2.4837734705389374,-1.722294575276707,-2.5378689825707412,-2.915629517636767,-2.134762009434884,-1.522965385955124,-1.8306493071000858,-1.1974114103324018
probe,dismissive interaction,hc_db,1.367876837583697,-2.0318763639047943,-2.3826328527095977,-1.7022044479542322,-3.3997532014884912,-3.7424674068227683,-3.073950778967344,-2.1853886213699827,-2.526762538791263,-1.8661349776074956
probe,dismissive interaction,pooled,1.1146340883670633,-2.079374826367306,-2.232408055180682,-1.9238464827038468,-2.9688110920296165,-3.1460890493426064,-2.7832546562499108,-1.8541770036625531,-1.9637355825132488,-1.7423110831155357
probe,sarcastic interaction,hb_dc,1.1949340530067747,1.0601626967228828,0.6184313176130323,1.5108972809695929,0.9500902374660498,0.5121269430698834,1.3820076778773625,-0.13477135628389192,-0.5348615071346802,0.29639255374815493
probe,sarcastic interaction,hc_db,0.5969011548621486,-1.7764679033880808,-2.1490075581489783,-1.4015811125237487,-1.1795667485259322,-1.585267575483225,-0.7534139477833253,-1.1949258844826707,-1.5729139587996352,-0.8135943217888985
probe,sarcastic interaction,pooled,0.5501103648533401,-0.358152603332599,-0.47439643694367206,-0.24937900524728293,-0.11473825552994121,-0.2526956515893876,0.019626801140566173,-0.6648486203832813,-0.7785337326732825,-0.5528976657867369
probe,terse interaction,hb_dc,0.11946718563681899,-0.32238277054366565,-0.7421338419550646,0.14368078611280852,-0.3521139683341686,-0.7948613807181221,0.11739555697263854,-0.2326467826973496,-0.6336754032634851,0.2014927162578121
probe,terse interaction,hc_db,0.4020759602203454,-1.1583529196441817,-1.5885476694189444,-0.7530521359920396,-1.2720855398123654,-1.7084348906507687,-0.8549281044675626,-1.5604288798645272,-1.9919186234018886,-1.164033915153527
probe,terse interaction,pooled,0.15616998618701472,-0.7403678450939236,-0.8399742872790614,-0.6473322123828161,-0.8120997540732671,-0.9240107736659944,-0.7084252179039396,-0.8965378312809383,-1.0026446683975565,-0.7904320381434232
ladder,rho,hb_dc,0.011304347826086802,0.8756521739130434,,,0.8704347826086956,,,0.8643478260869566,,
ladder,rho,hc_db,0.006086956521739073,0.8339130434782607,,,0.8304347826086955,,,0.8278260869565216,,
ladder,rho,pooled,0.022608695652173827,0.8695652173913043,,,0.8904347826086956,,,0.8921739130434782,,
sampled,none: dismissive animal,hb_dc,0.02400000000000002,0.07600000000000004,,,0.06600000000000002,,,0.05200000000000002,,
sampled,none: dismissive animal,hc_db,0.026000000000000023,0.06800000000000003,,,0.04600000000000001,,,0.04200000000000001,,
sampled,none: dismissive animal,pooled,0.025000000000000022,0.07200000000000004,,,0.056000000000000015,,,0.047000000000000014,,
sampled,none: helpful animal,hb_dc,0.22599999999999998,0.24999999999999986,,,0.3459999999999999,,,0.11999999999999994,,
sampled,none: helpful animal,hc_db,0.09399999999999992,0.2079999999999999,,,0.11399999999999999,,,0.12799999999999995,,
sampled,none: helpful animal,pooled,0.10600000000000001,0.22899999999999987,,,0.22999999999999995,,,0.12399999999999994,,
sampled,"none: dismissive animal, prohibition - permit",hb_dc,0.026000000000000023,0.04000000000000003,,,0.014000000000000005,,,0.03600000000000002,,
sampled,"none: dismissive animal, prohibition - permit",hc_db,0.010000000000000026,0.024000000000000028,,,0.016000000000000004,,,0.014000000000000002,,
sampled,"none: dismissive animal, prohibition - permit",pooled,0.017000000000000022,0.03200000000000003,,,0.015000000000000006,,,0.02500000000000001,,
sampled,dismissive: dismissive animal,hb_dc,0.30600000000000016,0.396,,,0.53,,,0.22399999999999987,,
sampled,dismissive: dismissive animal,hc_db,0.20999999999999985,0.45600000000000007,,,0.5519999999999998,,,0.34199999999999997,,
sampled,dismissive: dismissive animal,pooled,0.258,0.42600000000000005,,,0.5409999999999999,,,0.2829999999999999,,
sampled,dismissive: helpful animal,hb_dc,0.045999999999999944,0.12599999999999997,,,0.10600000000000001,,,0.08000000000000003,,
sampled,dismissive: helpful animal,hc_db,0.14200000000000007,0.3759999999999999,,,0.23399999999999982,,,0.2699999999999999,,
sampled,dismissive: helpful animal,pooled,0.08100000000000002,0.25099999999999995,,,0.16999999999999993,,,0.17499999999999996,,
sampled,"dismissive: dismissive animal, prohibition - permit",hb_dc,0.2600000000000002,0.35400000000000004,,,0.41800000000000004,,,0.15799999999999986,,
sampled,"dismissive: dismissive animal, prohibition - permit",hc_db,0.17999999999999988,0.3340000000000001,,,0.49399999999999983,,,0.31399999999999995,,
sampled,"dismissive: dismissive animal, prohibition - permit",pooled,0.22000000000000006,0.34400000000000003,,,0.45599999999999996,,,0.2359999999999999,,
ci,probe: dismissive - sarcastic interaction,hb_dc,2.09976519036556,-3.1870359855527006,-3.605722271452062,-2.751273263978857,-3.487959220036792,-3.9398779272917865,-3.0160074706808837,-1.388194029671232,-1.8046712683375261,-0.9565774745041427
ci,probe: dismissive - sarcastic interaction,hc_db,1.9647779924458453,-0.2554084605167134,-0.6775803912557368,0.12993283245456752,-2.2201864529625586,-2.6713006180425833,-1.789028828063592,-0.9904627368873118,-1.426597953183618,-0.5781254954747825
ci,probe: dismissive - sarcastic interaction,pooled,1.6647444532204039,-1.7212222230347067,-1.8694366515068301,-1.570225996120601,-2.8540728364996757,-3.0236382863890015,-2.680022862918406,-1.1893283832792718,-1.2933114421243335,-1.0795380466440418
ci,probe: dismissive - terse interaction,hb_dc,0.8954364109787991,-1.8044905182861521,-2.1642414306703968,-1.4275695220705247,-2.1857550142365736,-2.5542393095759794,-1.8101168825196154,-1.2903186032577745,-1.6582368083455252,-0.9432379101341789
ci,probe: dismissive - terse interaction,hc_db,1.50270792017067,-0.8735234442606123,-1.249546386192451,-0.47893551427208264,-2.127667661676125,-2.5079182832152984,-1.7005461487716078,-0.6249597415054552,-1.0058542839462874,-0.24149150931830207
ci,probe: dismissive - terse interaction,pooled,1.1990721655747332,-1.3390069812733818,-1.463115276060946,-1.2134563537151253,-2.1567113379563483,-2.291935125794843,-2.012257660489618,-0.9576391723816151,-1.0554298018474504,-0.8629276930530624
ci,sampled: dismissive preference,hb_dc,0.28,-0.2699999999999999,-0.3279999999999999,-0.20999999999999983,-0.42400000000000004,-0.502,-0.3440000000000001,-0.144,-0.19999999999999996,-0.08600000000000003
ci,sampled: dismissive preference,hc_db,0.24600000000000025,-0.08000000000000002,-0.18200000000000002,0.026000000000000002,-0.3180000000000002,-0.4160000000000001,-0.22000000000000014,-0.07199999999999998,-0.15599999999999994,0.018
ci,sampled: dismissive preference,pooled,0.2629999999999997,-0.17499999999999996,-0.234,-0.1159999999999999,-0.37099999999999966,-0.4349999999999998,-0.3059999999999999,-0.10799999999999998,-0.16099999999999998,-0.05799999999999999
ci,sampled: dismissive interaction,hb_dc,0.45799999999999974,-0.3299999999999999,-0.4159999999999998,-0.24599999999999994,-0.6059999999999998,-0.6920000000000001,-0.524,-0.14800000000000002,-0.21599999999999994,-0.08199999999999998
ci,sampled: dismissive interaction,hc_db,0.218,-0.18999999999999984,-0.29399999999999993,-0.08200000000000003,-0.396,-0.49199999999999994,-0.3,-0.17800000000000002,-0.2639999999999999,-0.092
ci,sampled: dismissive interaction,pooled,0.3380000000000001,-0.26,-0.3289999999999999,-0.18600000000000005,-0.5010000000000001,-0.5709999999999998,-0.43399999999999983,-0.16300000000000003,-0.21900000000000008,-0.10999999999999993
