model,followup,direction,alpha,n,animal_shift,animal_lo,animal_hi,helpful_shift,helpful_lo,helpful_hi,octopus
si27_hb_dc,permit,ctrl1,-10.0,30,0.18633776505788166,0.1402251640955607,0.23612518310546876,0.18633776505788166,0.1393944501876831,0.23377939065297446,0.06511226097742716
si27_hb_dc,permit,ctrl1,-5.0,30,0.09217936197916667,0.05054931640625,0.13236711819966634,0.09217936197916667,0.050189510981241865,0.13242576917012533,0.07589196761449178
si27_hb_dc,permit,ctrl1,-2.0,30,0.023240343729654948,-0.007123192151387532,0.051114956537882485,0.023240343729654948,-0.005803616841634115,0.051542202631632485,0.04062182108561198
si27_hb_dc,permit,ctrl1,-1.0,30,0.0006458520889282227,-0.028664668401082356,0.02885738213857015,0.0006458520889282227,-0.02927974859873454,0.028314606348673502,0.024463653564453125
si27_hb_dc,permit,ctrl1,1.0,30,-0.03269000848134359,-0.07516872088114421,0.006786251068115234,-0.03269000848134359,-0.07482638359069824,0.006894469261169434,-0.03587079048156738
si27_hb_dc,permit,ctrl1,2.0,30,-0.026377296447753905,-0.062349311510721844,0.00822153886159261,-0.026377296447753905,-0.06280316511789957,0.008248504002888997,-0.041549829641977946
si27_hb_dc,permit,ctrl1,5.0,30,-0.1231974204381307,-0.1610961357752482,-0.08396373589833578,-0.1231974204381307,-0.16272438367207845,-0.08474525610605875,-0.09532716274261474
si27_hb_dc,permit,ctrl1,10.0,30,-0.20430887540181478,-0.25123745600382485,-0.1578764835993449,-0.20430887540181478,-0.25160465240478513,-0.15784889856974285,-0.23904800415039062
si27_hb_dc,permit,dir,-10.0,30,-0.26895500818888346,-0.3833409070968628,-0.14200081825256347,-0.26895500818888346,-0.3808485905329386,-0.14202555815378826,-0.2593718409538269
si27_hb_dc,permit,dir,-5.0,30,-0.0457319974899292,-0.11485746701558432,0.02665549119313558,-0.0457319974899292,-0.1132630983988444,0.0276245911916097,-0.04915863275527954
si27_hb_dc,permit,dir,-2.0,30,-0.019299610455830892,-0.05607280731201172,0.018137510617574057,-0.019299610455830892,-0.05798970063527425,0.017758289972941082,-0.0030962149302164715
si27_hb_dc,permit,dir,-1.0,30,-0.026041634877522788,-0.06332830588022868,0.013329060872395833,-0.026041634877522788,-0.06279744307200114,0.011653987566630046,-0.0015906333923339845
si27_hb_dc,permit,dir,1.0,30,-0.0008825699488321941,-0.03269720872243245,0.029314406712849937,-0.0008825699488321941,-0.03278278509775798,0.030003484090169272,-0.005534144242604574
si27_hb_dc,permit,dir,2.0,30,-0.012324690818786621,-0.04499471187591553,0.023358647028605142,-0.012324690818786621,-0.045972649256388345,0.023486741383870444,-0.05522019863128662
si27_hb_dc,permit,dir,5.0,30,-0.04278247356414795,-0.10903236865997315,0.02077935536702474,-0.04278247356414795,-0.10613945325215658,0.023005263010660807,-0.15500186681747435
si27_hb_dc,permit,dir,10.0,30,-0.23556299209594728,-0.3455491145451864,-0.12067367235819498,-0.23556299209594728,-0.34748709201812744,-0.12607699235280354,-0.5820252497990926
si27_hc_db,permit,ctrl1,-10.0,30,0.37255890369415284,0.3079486529032389,0.4401490052541097,-0.37255890369415284,-0.4408246676127116,-0.3102798859278361,0.03693946997324626
si27_hc_db,permit,ctrl1,-5.0,30,0.18498104413350422,0.14418089389801025,0.22582341035207112,-0.18498104413350422,-0.2240418275197347,-0.14678279558817545,0.05307536125183106
si27_hc_db,permit,ctrl1,-2.0,30,0.06635586420694987,0.030040589968363444,0.10445096492767333,-0.06635586420694987,-0.10296901861826578,-0.02955172856648763,0.013742204507191975
si27_hc_db,permit,ctrl1,-1.0,30,0.023813573519388835,-0.005272579193115234,0.05333252747853597,-0.023813573519388835,-0.05158678690592448,0.005461064974466959,0.023418784141540527
si27_hc_db,permit,ctrl1,1.0,30,-0.04642717043558756,-0.07695515155792236,-0.0155790646870931,0.04642717043558756,0.01547541618347168,0.07661048571268718,-0.018643863995869956
si27_hc_db,permit,ctrl1,2.0,30,-0.10493363539377848,-0.13296321233113606,-0.07912205855051677,0.10493363539377848,0.07850182056427002,0.13324332237243652,-0.0034359892209370932
si27_hc_db,permit,ctrl1,5.0,30,-0.21127747694651286,-0.2537075440088908,-0.1702156623204549,0.21127747694651286,0.17077182133992513,0.2537781556447347,-0.06416033109029134
si27_hc_db,permit,ctrl1,10.0,30,-0.4076431671778361,-0.4770547866821289,-0.3419470310211182,0.4076431671778361,0.3455341895421346,0.477187180519104,-0.15638207991917927
si27_hc_db,permit,dir,-10.0,30,-0.306561279296875,-0.4263062715530396,-0.1641607364018758,0.306561279296875,0.15605713526407877,0.4340010166168213,-0.4475828131039937
si27_hc_db,permit,dir,-5.0,30,-0.09874176979064941,-0.17601367632548015,-0.0116700013478597,0.09874176979064941,0.011482715606689453,0.1758361021677653,-0.15023085276285808
si27_hc_db,permit,dir,-2.0,30,-0.04614133834838867,-0.07990737756093343,-0.011156145731608074,0.04614133834838867,0.010847258567810058,0.08035345872243245,-0.021012441317240397
si27_hc_db,permit,dir,-1.0,30,-0.03868603706359863,-0.06983676751454672,-0.00954140822092692,0.03868603706359863,0.008293811480204265,0.06971855163574218,-0.0012374440828959146
si27_hc_db,permit,dir,1.0,30,0.0019222259521484374,-0.03631230195363363,0.038770564397176105,-0.0019222259521484374,-0.039265926678975424,0.03674860000610351,0.009154502550760906
si27_hc_db,permit,dir,2.0,30,0.010432259241739909,-0.025239729881286622,0.04762982527414958,-0.010432259241739909,-0.047698593139648436,0.02584073543548584,0.014119791984558105
si27_hc_db,permit,dir,5.0,30,0.0289244810740153,-0.04214720726013184,0.09942964712778728,-0.0289244810740153,-0.10185393492380777,0.043174155553181964,-0.048872721195220944
si27_hc_db,permit,dir,10.0,30,0.030348865191141765,-0.0922847032546997,0.16292712688446045,-0.030348865191141765,-0.15484413305918376,0.09686389764149984,-0.35222407976786296
si27_s1_hb_dc,permit,ctrl1,-10.0,30,0.23532082239786783,0.19552895228068035,0.2745086590449015,0.23532082239786783,0.19239147504170737,0.27512540022532145,0.1391650120417277
si27_s1_hb_dc,permit,ctrl1,-5.0,30,0.12447582085927328,0.08600840568542481,0.15970043341318765,0.12447582085927328,0.08674170970916747,0.160958735148112,0.08410514990488688
si27_s1_hb_dc,permit,ctrl1,-2.0,30,0.05173009236653646,0.01809837818145752,0.08522165616353353,0.05173009236653646,0.018820627530415853,0.08457988103230794,0.0465378999710083
si27_s1_hb_dc,permit,ctrl1,-1.0,30,0.00795748233795166,-0.020153244336446125,0.03729653358459473,0.00795748233795166,-0.020378510157267254,0.03757046063741048,0.01100159486134847
si27_s1_hb_dc,permit,ctrl1,1.0,30,-0.020209685961405436,-0.04499586423238119,0.0035332043965657554,-0.020209685961405436,-0.04485267003377279,0.0033402125040690104,0.011979198455810547
si27_s1_hb_dc,permit,ctrl1,2.0,30,-0.033596555391947426,-0.06984109083811442,-0.00010642210642496745,-0.033596555391947426,-0.06887238025665283,0.0007598002751668295,-0.028130988279978435
si27_s1_hb_dc,permit,ctrl1,5.0,30,-0.1295728047688802,-0.1619648536046346,-0.09651995499928792,-0.1295728047688802,-0.16222501595815023,-0.09731648763020834,-0.10107856591542562
si27_s1_hb_dc,permit,ctrl1,10.0,30,-0.30293904145558676,-0.3533543825149536,-0.2516835927963257,-0.30293904145558676,-0.3543627659479777,-0.250422199567159,-0.27075337966283164
si27_s1_hb_dc,permit,dir,-10.0,30,-0.41950116157531736,-0.5354769070943196,-0.2959169864654541,-0.41950116157531736,-0.5391929705937704,-0.29621414343516034,-0.48378696441650393
si27_s1_hb_dc,permit,dir,-5.0,30,-0.14524250030517577,-0.22194509506225585,-0.0641274611155192,-0.14524250030517577,-0.22322603861490886,-0.0640929381052653,-0.15695826212565103
si27_s1_hb_dc,permit,dir,-2.0,30,-0.04227185249328613,-0.08304673830668131,-0.0007302681605021159,-0.04227185249328613,-0.08290925820668539,-0.0019908587137858072,-0.03382817506790161
si27_s1_hb_dc,permit,dir,-1.0,30,-0.026040379206339517,-0.05643803278605143,0.004826649030049642,-0.026040379206339517,-0.05724838574727376,0.00490717093149821,-0.01915938456853231
si27_s1_hb_dc,permit,dir,1.0,30,-0.013107077280680338,-0.04546803633371989,0.018138821919759116,-0.013107077280680338,-0.04593296845753988,0.01729551951090495,0.011048992474873861
si27_s1_hb_dc,permit,dir,2.0,30,0.011667267481486002,-0.02995743751525879,0.05124865372975667,0.011667267481486002,-0.03148581981658936,0.051581041018168135,0.004170485337575277
si27_s1_hb_dc,permit,dir,5.0,30,-0.03753026326497396,-0.12164586385091146,0.04183884461720785,-0.03753026326497396,-0.12353251775105795,0.0444893757502238,0.008798503875732422
si27_s1_hb_dc,permit,dir,10.0,30,-0.1605419079462687,-0.3200626214345296,-0.004960791269938151,-0.1605419079462687,-0.3245186964670817,-0.00667564074198405,-0.2639314572016398
si27_s1_hc_db,permit,ctrl1,-10.0,30,0.38551927407582604,0.3173524300257365,0.45255464712778726,-0.38551927407582604,-0.45049838225046795,-0.3197356383005778,0.09465186993281047
si27_s1_hc_db,permit,ctrl1,-5.0,30,0.18042466640472413,0.13610415458679198,0.2294308344523112,-0.18042466640472413,-0.22662203311920165,-0.13633011182149252,0.0748629609743754
si27_s1_hc_db,permit,ctrl1,-2.0,30,0.06329085826873779,0.02938261826833089,0.09927281538645426,-0.06329085826873779,-0.0993109385172526,-0.02988295555114746,0.030763399600982667
si27_s1_hc_db,permit,ctrl1,-1.0,30,0.036664485931396484,0.0037082672119140626,0.06899058818817139,-0.036664485931396484,-0.06865549087524414,-0.004206593831380208,0.01615833044052124
si27_s1_hc_db,permit,ctrl1,1.0,30,-0.037566939989725746,-0.06685731410980225,-0.0076694567998250324,0.037566939989725746,0.008785454432169597,0.06646300951639811,-0.013578832149505615
si27_s1_hc_db,permit,ctrl1,2.0,30,-0.058151380221048994,-0.09474635124206543,-0.02216966946919759,0.058151380221048994,0.022365752855936685,0.09403126239776612,-0.039375309149424234
si27_s1_hc_db,permit,ctrl1,5.0,30,-0.16175014177958172,-0.19275163809458415,-0.132520325978597,0.16175014177958172,0.13239916960398357,0.191214919090271,-0.10640587011973063
si27_s1_hc_db,permit,ctrl1,10.0,30,-0.33312044938405355,-0.4008800983428955,-0.2624053955078125,0.33312044938405355,0.2668623765309652,0.4026343027750651,-0.197731610139211
si27_s1_hc_db,permit,dir,-10.0,30,-0.2904876073201497,-0.37782556215922036,-0.20504767894744874,0.2904876073201497,0.20449225107828775,0.38031987349192303,-0.4226311643918355
si27_s1_hc_db,permit,dir,-5.0,30,-0.1408927043279012,-0.19921712080637613,-0.0823132038116455,0.1408927043279012,0.08429238796234131,0.19776473840077718,-0.14990921020507814
si27_s1_hc_db,permit,dir,-2.0,30,-0.04322617848714193,-0.07488669554392496,-0.011769588788350422,0.04322617848714193,0.012778218587239583,0.07442017396291097,-0.011115384101867676
si27_s1_hc_db,permit,dir,-1.0,30,-0.01748948891957601,-0.05075638294219971,0.01459829807281494,0.01748948891957601,-0.014980165163675944,0.051444077491760255,-0.002779579162597656
si27_s1_hc_db,permit,dir,1.0,30,0.005278992652893067,-0.025412154197692872,0.035202423731486,-0.005278992652893067,-0.03613961537679036,0.025528709093729656,0.019695194562276204
si27_s1_hc_db,permit,dir,2.0,30,0.017787806193033853,-0.02549720605214437,0.06360366344451904,-0.017787806193033853,-0.06382400194803874,0.024282360076904298,0.027252721786499023
si27_s1_hc_db,permit,dir,5.0,30,0.1291407823562622,0.06246491273244222,0.19789361159006755,-0.1291407823562622,-0.19669485092163086,-0.06208728949228923,-0.01921399434407552
si27_s1_hc_db,permit,dir,10.0,30,0.26984124183654784,0.15752193927764893,0.3858219941457113,-0.26984124183654784,-0.3852951208750407,-0.1572115659713745,-0.32103947798411053
si27_s2_hb_dc,permit,ctrl1,-10.0,30,0.2639698266983032,0.1982297976811727,0.3288819074630737,0.2639698266983032,0.20171446800231935,0.3282898505528768,0.0836793859799703
si27_s2_hb_dc,permit,ctrl1,-5.0,30,0.10170265833536783,0.06649901866912841,0.13816659450531005,0.10170265833536783,0.06686969598134358,0.138176163037618,0.05339522361755371
si27_s2_hb_dc,permit,ctrl1,-2.0,30,0.03726521333058675,0.009457580248514811,0.06746056079864501,0.03726521333058675,0.008676457405090331,0.06667415301005046,0.020642956097920735
si27_s2_hb_dc,permit,ctrl1,-1.0,30,0.007316716512044271,-0.018664423624674478,0.03369163672129313,0.007316716512044271,-0.0189482847849528,0.03403306007385254,0.017698887983957926
si27_s2_hb_dc,permit,ctrl1,1.0,30,-0.020533100763956705,-0.043779150644938154,0.004974214235941569,-0.020533100763956705,-0.0439396858215332,0.004640277226765951,-0.017812657356262206
si27_s2_hb_dc,permit,ctrl1,2.0,30,-0.06709419886271159,-0.09629035790761312,-0.038426327705383304,-0.06709419886271159,-0.09470787843068441,-0.03716135819753011,-0.04452318747838338
si27_s2_hb_dc,permit,ctrl1,5.0,30,-0.12548147837320964,-0.1659875472386678,-0.08690039316813152,-0.12548147837320964,-0.16617191632588704,-0.08539719581604004,-0.10173841714859008
si27_s2_hb_dc,permit,ctrl1,10.0,30,-0.26381189823150636,-0.3205036401748657,-0.21081897417704265,-0.26381189823150636,-0.31710036595662433,-0.21331579685211183,-0.2203456203142802
si27_s2_hb_dc,permit,dir,-10.0,30,-0.25647982756296794,-0.33753352959950766,-0.17031121253967285,-0.25647982756296794,-0.33722195625305174,-0.16903791427612305,-0.2966672619183858
si27_s2_hb_dc,permit,dir,-5.0,30,-0.0883941888809204,-0.13991700013478597,-0.03885255654652913,-0.0883941888809204,-0.14009064038594563,-0.03837673664093018,-0.07242796023686728
si27_s2_hb_dc,permit,dir,-2.0,30,0.009271796544392903,-0.027989729245503744,0.04760113557179769,0.009271796544392903,-0.03066298961639404,0.047919599215189616,-0.004471043745676677
si27_s2_hb_dc,permit,dir,-1.0,30,0.002805916468302409,-0.0303102175394694,0.03544488747914632,0.002805916468302409,-0.03122411568959554,0.03540999889373779,-0.02983878453572591
si27_s2_hb_dc,permit,dir,1.0,30,-0.01286641756693522,-0.05440670649210612,0.0301785151163737,-0.01286641756693522,-0.05446959336598714,0.02924958864847819,-0.012996141115824382
si27_s2_hb_dc,permit,dir,2.0,30,-0.009762199719746907,-0.053899463017781576,0.030969786643981933,-0.009762199719746907,-0.053311395645141604,0.03155906995137533,-0.029151296615600585
si27_s2_hb_dc,permit,dir,5.0,30,-0.09171514511108399,-0.14988603591918945,-0.035797651608784994,-0.09171514511108399,-0.14724378585815429,-0.03542687098185222,-0.12023382186889649
si27_s2_hb_dc,permit,dir,10.0,30,-0.22932770252227783,-0.33415381908416747,-0.1333925485610962,-0.22932770252227783,-0.335866379737854,-0.1332998752593994,-0.49419001340866087
si27_s2_hc_db,permit,ctrl1,-10.0,30,0.3331320762634277,0.2717576583226522,0.3975170135498047,-0.3331320762634277,-0.39579790433247886,-0.2703098376592,0.03414278825124105
si27_s2_hc_db,permit,ctrl1,-5.0,30,0.17070367336273193,0.13273013432820638,0.20743581453959148,-0.17070367336273193,-0.20787952740987142,-0.13135639031728108,0.046909773349761964
si27_s2_hc_db,permit,ctrl1,-2.0,30,0.08239438533782958,0.047809235254923504,0.11668399175008139,-0.08239438533782958,-0.11727526187896728,-0.048238213857014975,0.029236896832784017
si27_s2_hc_db,permit,ctrl1,-1.0,30,0.04582497278849284,0.01573816140492757,0.07701369921366373,-0.04582497278849284,-0.07585183779398601,-0.01576986312866211,0.018705904483795166
si27_s2_hc_db,permit,ctrl1,1.0,30,-0.0372588316599528,-0.0670248826344808,-0.0034648895263671873,0.0372588316599528,0.00537100632985433,0.06630048751831055,-0.012232422828674316
si27_s2_hc_db,permit,ctrl1,2.0,30,-0.042607998847961424,-0.07550935745239258,-0.008155616124471028,0.042607998847961424,0.009144234657287597,0.07683200041453044,-0.03011314074198405
si27_s2_hc_db,permit,ctrl1,5.0,30,-0.11449714501698811,-0.1537280797958374,-0.07608360449473063,0.11449714501698811,0.07713411649068197,0.15169349511464436,-0.06837606032689413
si27_s2_hc_db,permit,ctrl1,10.0,30,-0.2585709730784098,-0.3161325534184774,-0.2000874121983846,0.2585709730784098,0.19975674152374268,0.31623253027598064,-0.12325358788172404
si27_s2_hc_db,permit,dir,-10.0,30,-0.13139073848724364,-0.22423763275146485,-0.03975505034128825,0.13139073848724364,0.03885041872660319,0.22407573858896893,-0.34888095458348595
si27_s2_hc_db,permit,dir,-5.0,30,0.0024299860000610352,-0.05811951955159505,0.06307586828867594,-0.0024299860000610352,-0.0626521110534668,0.05809704462687174,-0.07442477146784464
si27_s2_hc_db,permit,dir,-2.0,30,0.029596932729085288,0.00032997926076253254,0.06157675584157308,-0.029596932729085288,-0.06010919411977132,-0.00034577051798502604,-0.0025104403495788572
si27_s2_hc_db,permit,dir,-1.0,30,0.0209580659866333,-0.017333722114562987,0.05847152868906657,-0.0209580659866333,-0.05958847204844157,0.016105445226033528,0.012676366170247396
si27_s2_hc_db,permit,dir,1.0,30,0.0323716402053833,-0.006452441215515137,0.07059730688730875,-0.0323716402053833,-0.06857725779215494,0.007319800059000651,0.019465891520182292
si27_s2_hc_db,permit,dir,2.0,30,0.018094778060913086,-0.024865380922953286,0.06033231417338054,-0.018094778060913086,-0.06265002091725667,0.026925110816955568,-0.01723877986272176
si27_s2_hc_db,permit,dir,5.0,30,-0.017148963610331216,-0.08555208841959636,0.04907100995381673,0.017148963610331216,-0.05211368401845296,0.08687516848246256,-0.08001115322113037
si27_s2_hc_db,permit,dir,10.0,30,-0.030807741483052573,-0.15873822371164958,0.08661131064097087,0.030807741483052573,-0.09041192531585693,0.1532288392384847,-0.40889331499735515
base,permit,ctrl1,-10.0,30,0.6357417742411295,0.5396638870239258,0.7311636765797933,,,,-0.4066753466924032
base,permit,ctrl1,-5.0,30,0.29218473434448244,0.24216434160868328,0.34177985191345217,,,,-0.22342542807261148
base,permit,ctrl1,-2.0,30,0.1148719310760498,0.0771474043528239,0.15399500528971355,,,,-0.09063698450724283
base,permit,ctrl1,-1.0,30,0.06626513799031576,0.024059534072875977,0.10656890869140626,,,,-0.04927486578623454
base,permit,ctrl1,1.0,30,-0.05290967623392741,-0.10207123756408691,-0.0053694725036621095,,,,0.0502507209777832
base,permit,ctrl1,2.0,30,-0.10762790044148764,-0.15569310188293456,-0.06099716822306315,,,,0.10339736938476562
base,permit,ctrl1,5.0,30,-0.2555748303731283,-0.3230778694152832,-0.19413744608561198,,,,0.18966949780782064
base,permit,ctrl1,10.0,30,-0.45502781867980957,-0.5581538995107015,-0.3549101988474528,,,,0.33749325275421144
base,permit,dir,-10.0,30,-0.988551123936971,-1.1277644952138266,-0.8405724048614502,,,,1.1731342633565267
base,permit,dir,-5.0,30,-0.5284918467203776,-0.6137748718261719,-0.44202609062194825,,,,0.6331635077794393
base,permit,dir,-2.0,30,-0.19839669863382975,-0.24954051971435548,-0.14830543200174967,,,,0.27601150671641034
base,permit,dir,-1.0,30,-0.10913589795430502,-0.15334879557291667,-0.06598766644795735,,,,0.12630489667256672
base,permit,dir,1.0,30,0.0926774024963379,0.04988360404968262,0.1356834093729655,,,,-0.15980745156606038
base,permit,dir,2.0,30,0.16750213305155437,0.11556863784790039,0.22028692563374838,,,,-0.3043886502583822
base,permit,dir,5.0,30,0.42632317543029785,0.3272128105163574,0.522760009765625,,,,-0.7519016186396281
base,permit,dir,10.0,30,0.7141392389933269,0.5473045825958252,0.8838946342468261,,,,-1.6084603389104208
si27_hb_dc,trigger,ctrl1,-10.0,30,0.2622111956278483,0.22875604629516602,0.29509268601735433,0.2622111956278483,0.22799282073974608,0.29395642280578616,-0.09856937726338705
si27_hb_dc,trigger,ctrl1,-5.0,30,0.13035473823547364,0.0980954885482788,0.16406511465708415,0.13035473823547364,0.09714465936024984,0.16398157278696696,-0.030841525395711264
si27_hb_dc,trigger,ctrl1,-2.0,30,0.02595255374908447,0.0003893613815307617,0.05150792598724365,0.02595255374908447,0.0007773319880167644,0.05246579647064209,-0.012239432334899903
si27_hb_dc,trigger,ctrl1,-1.0,30,0.0028150796890258787,-0.02866663138071696,0.03309988975524902,0.0028150796890258787,-0.029314398765563965,0.031256453196207686,-0.006088058153788249
si27_hb_dc,trigger,ctrl1,1.0,30,-0.02480912208557129,-0.057069675127665205,0.006026792526245117,-0.02480912208557129,-0.056960463523864746,0.00576618512471517,-0.019426568349202474
si27_hb_dc,trigger,ctrl1,2.0,30,-0.06915317376454672,-0.09716415405273438,-0.040650184949239096,-0.06915317376454672,-0.09736545880635579,-0.039409693082173666,-0.019104496637980143
si27_hb_dc,trigger,ctrl1,5.0,30,-0.16500421365102133,-0.1990368604660034,-0.13128488858540852,-0.16500421365102133,-0.19941171010335287,-0.1327622652053833,0.00020651022593180338
si27_hb_dc,trigger,ctrl1,10.0,30,-0.3277384122212728,-0.3710530598958333,-0.28729567527770994,-0.3277384122212728,-0.3701743284861247,-0.28653128147125245,-0.05743223826090495
si27_hb_dc,trigger,dir,-10.0,30,-0.32211034297943114,-0.38129410743713377,-0.26386346817016604,-0.32211034297943114,-0.38305718898773194,-0.2640829006830851,-0.7993199586868286
si27_hb_dc,trigger,dir,-5.0,30,-0.06600705782572429,-0.10185053348541259,-0.029174288113911945,-0.06600705782572429,-0.10066271622975667,-0.02963422139485677,-0.3762388149897257
si27_hb_dc,trigger,dir,-2.0,30,-0.030156254768371582,-0.060291449228922524,-0.0006696383158365885,-0.030156254768371582,-0.0591828187306722,0.0005806366602579753,-0.1321442763010661
si27_hb_dc,trigger,dir,-1.0,30,-0.016984875996907553,-0.04912397066752116,0.015612967809041341,-0.016984875996907553,-0.0484479029973348,0.014000344276428222,-0.07219344774881999
si27_hb_dc,trigger,dir,1.0,30,-0.015033713976542155,-0.03907225926717122,0.011289827028910319,-0.015033713976542155,-0.03982368310292562,0.010956700642903645,0.059150346120198566
si27_hb_dc,trigger,dir,2.0,30,-0.024263930320739747,-0.05758207639058431,0.006995288530985514,-0.024263930320739747,-0.05877541700998942,0.00668786366780599,0.08817553520202637
si27_hb_dc,trigger,dir,5.0,30,-0.10391063690185547,-0.15132663249969483,-0.05565328598022461,-0.10391063690185547,-0.1523161013921102,-0.05360846519470215,0.22217971483866375
si27_hb_dc,trigger,dir,10.0,30,-0.30311965147654213,-0.3904127915700277,-0.21687591870625814,-0.30311965147654213,-0.3881395737330119,-0.2203139861424764,0.31055028438568116
si27_hc_db,trigger,ctrl1,-10.0,30,0.6019552270571391,0.557590639591217,0.6442126472791035,-0.6019552270571391,-0.642460036277771,-0.555139172077179,-0.18362215360005696
si27_hc_db,trigger,ctrl1,-5.0,30,0.3283367911974589,0.2939662297566732,0.36334354082743325,-0.3283367911974589,-0.36409815947214763,-0.2940172473589579,-0.09080433050791423
si27_hc_db,trigger,ctrl1,-2.0,30,0.1457222024599711,0.10930971701939901,0.18160944779713947,-0.1457222024599711,-0.18330273230870564,-0.11048285166422527,-0.04514987468719482
si27_hc_db,trigger,ctrl1,-1.0,30,0.055192057291666666,0.021740023295084634,0.08736011981964112,-0.055192057291666666,-0.08829797903696696,-0.022465459505716958,-0.034587987263997394
si27_hc_db,trigger,ctrl1,1.0,30,-0.04919224580128988,-0.07764583428700765,-0.022666788101196288,0.04919224580128988,0.022083457310994467,0.07642745971679688,-0.015802439053853354
si27_hc_db,trigger,ctrl1,2.0,30,-0.1309696078300476,-0.1583752433458964,-0.1047646721204122,0.1309696078300476,0.10407240390777588,0.1568871815999349,0.005741985638936361
si27_hc_db,trigger,ctrl1,5.0,30,-0.32120779355367024,-0.35928415060043334,-0.2832631190617879,0.32120779355367024,0.2848486383756002,0.35819615920384723,0.025135032335917153
si27_hc_db,trigger,ctrl1,10.0,30,-0.6155674497286479,-0.6655235966046651,-0.5660309036572774,0.6155674497286479,0.5661252538363138,0.6631490230560303,0.03179545402526855
si27_hc_db,trigger,dir,-10.0,30,0.021735878785451253,-0.06153980493545532,0.1068822185198466,-0.021735878785451253,-0.10506578683853149,0.058620119094848634,-1.267580008506775
si27_hc_db,trigger,dir,-5.0,30,0.025709887345631916,-0.033091378211975095,0.08163358370463053,-0.025709887345631916,-0.08386772871017456,0.031309306621551514,-0.5858846108118693
si27_hc_db,trigger,dir,-2.0,30,0.01949690580368042,-0.023652088642120362,0.05969422658284505,-0.01949690580368042,-0.05903103351593018,0.02263939380645752,-0.25374003251393634
si27_hc_db,trigger,dir,-1.0,30,-0.006923544406890869,-0.04059028625488281,0.026663462320963543,0.006923544406890869,-0.02734442154566447,0.04094825188318888,-0.13294482231140137
si27_hc_db,trigger,dir,1.0,30,-0.014443524678548177,-0.04671926498413086,0.018239148457845054,0.014443524678548177,-0.018489364782969156,0.04495430787404378,0.08419373035430908
si27_hc_db,trigger,dir,2.0,30,-0.03913454214731852,-0.07867129643758138,0.002217423915863037,0.03913454214731852,-0.0001941680908203125,0.07966986894607545,0.18611900806427
si27_hc_db,trigger,dir,5.0,30,-0.06616807381312052,-0.12148363987604777,-0.012443904081980388,0.06616807381312052,0.012548995018005372,0.12101269563039144,0.4006259759267171
si27_hc_db,trigger,dir,10.0,30,-0.1903531551361084,-0.30557811657587686,-0.08639485041300456,0.1903531551361084,0.07796777884165446,0.3004744331041972,0.6388874769210815
si27_s1_hb_dc,trigger,ctrl1,-10.0,30,0.33140676021575927,0.2861595392227173,0.37397793928782147,0.33140676021575927,0.2891235669453939,0.37432496547698973,-0.14135098457336426
si27_s1_hb_dc,trigger,ctrl1,-5.0,30,0.19643760522206624,0.15211690266927083,0.23897385597229004,0.19643760522206624,0.15295185248057047,0.24006779988606772,-0.060974470774332684
si27_s1_hb_dc,trigger,ctrl1,-2.0,30,0.08896549542744954,0.05612038771311442,0.12499587535858155,0.08896549542744954,0.054749671618143717,0.12388599713643392,-0.010837848981221516
si27_s1_hb_dc,trigger,ctrl1,-1.0,30,0.05469566980997721,0.02569879690806071,0.08376681804656982,0.05469566980997721,0.025009791056315105,0.08401910463968913,-0.012215065956115722
si27_s1_hb_dc,trigger,ctrl1,1.0,30,-0.04194865226745605,-0.07461992899576823,-0.008876824378967285,-0.04194865226745605,-0.07500481605529785,-0.008782450358072917,-0.005321534474690756
si27_s1_hb_dc,trigger,ctrl1,2.0,30,-0.07055327097574869,-0.11084033648173014,-0.0340926726659139,-0.07055327097574869,-0.10927363236745198,-0.03230629762013753,-0.0023718674977620444
si27_s1_hb_dc,trigger,ctrl1,5.0,30,-0.19519662062327067,-0.22212867736816405,-0.1661082665125529,-0.19519662062327067,-0.22146441141764323,-0.16613846619923908,-0.005675911903381348
si27_s1_hb_dc,trigger,ctrl1,10.0,30,-0.3916569948196411,-0.42822741667429604,-0.35634992122650144,-0.3916569948196411,-0.4294276714324951,-0.3555525620778402,0.015322287877400717
si27_s1_hb_dc,trigger,dir,-10.0,30,-0.4196419874827067,-0.4753093957901001,-0.3588875770568848,-0.4196419874827067,-0.4755467653274536,-0.35767617225646975,-0.9565802812576294
si27_s1_hb_dc,trigger,dir,-5.0,30,-0.12898134390513102,-0.1717529296875,-0.08436609903971354,-0.12898134390513102,-0.17169266541798908,-0.08191988468170167,-0.4744176228841146
si27_s1_hb_dc,trigger,dir,-2.0,30,-0.0038339853286743163,-0.04463192621866862,0.03522124290466309,-0.0038339853286743163,-0.04505010445912679,0.03567470709482829,-0.16310389836629233
si27_s1_hb_dc,trigger,dir,-1.0,30,0.0055920918782552086,-0.03118851184844971,0.04035988648732503,0.0055920918782552086,-0.030461049079895018,0.04161104361216227,-0.08820590178171793
si27_s1_hb_dc,trigger,dir,1.0,30,-0.0038861513137817385,-0.03403577009836833,0.026632237434387206,-0.0038861513137817385,-0.03491919040679932,0.026822098096211753,0.057493853569030764
si27_s1_hb_dc,trigger,dir,2.0,30,0.0007472753524780274,-0.030563974380493165,0.0299071470896403,0.0007472753524780274,-0.03072936534881592,0.02994269529978434,0.1252781550089518
si27_s1_hb_dc,trigger,dir,5.0,30,-0.0773882786432902,-0.12221307754516601,-0.032747594515482585,-0.0773882786432902,-0.12141087849934896,-0.03310649394989014,0.30814489523569744
si27_s1_hb_dc,trigger,dir,10.0,30,-0.35160072644551593,-0.435255233446757,-0.27581210136413575,-0.35160072644551593,-0.4349033991495768,-0.27735790411631267,0.5166489601135253
si27_s1_hc_db,trigger,ctrl1,-10.0,30,0.5072949330012003,0.456434432665507,0.5583611965179444,-0.5072949330012003,-0.5588009119033813,-0.45406603813171387,-0.04163519541422526
si27_s1_hc_db,trigger,ctrl1,-5.0,30,0.27276431719462074,0.23666133085886637,0.31181931495666504,-0.27276431719462074,-0.31012169520060223,-0.23811103502909342,-0.004355676968892415
si27_s1_hc_db,trigger,ctrl1,-2.0,30,0.10907108783721924,0.07555658022562663,0.1422699769337972,-0.10907108783721924,-0.14219699700673422,-0.07460722128550211,0.029546594619750975
si27_s1_hc_db,trigger,ctrl1,-1.0,30,0.05835088888804118,0.030015865961710613,0.0848210334777832,-0.05835088888804118,-0.084747314453125,-0.030457154909769694,0.015576386451721191
si27_s1_hc_db,trigger,ctrl1,1.0,30,-0.020055619875590007,-0.05613226095835368,0.013118386268615723,0.020055619875590007,-0.011936362584431965,0.05647162596384684,0.0017446517944335938
si27_s1_hc_db,trigger,ctrl1,2.0,30,-0.10074959595998129,-0.13037730852762858,-0.07470492521921794,0.10074959595998129,0.07484714984893799,0.130668044090271,-0.002547748883565267
si27_s1_hc_db,trigger,ctrl1,5.0,30,-0.2376017173131307,-0.2694155931472778,-0.2082823355992635,0.2376017173131307,0.20848885377248128,0.2684270143508911,0.011485401789347332
si27_s1_hc_db,trigger,ctrl1,10.0,30,-0.415892227490743,-0.4586917877197266,-0.37722618579864503,0.415892227490743,0.376300040880839,0.4579618533452352,-0.023538931210835775
si27_s1_hc_db,trigger,dir,-10.0,30,-0.001986996332804362,-0.097699769337972,0.08850945631663004,0.001986996332804362,-0.08425813515981039,0.09618998368581136,-1.09284397761027
si27_s1_hc_db,trigger,dir,-5.0,30,0.029631567001342774,-0.03472565809885661,0.09443273544311523,-0.029631567001342774,-0.09415279229482015,0.03455599943796794,-0.5313749154408772
si27_s1_hc_db,trigger,dir,-2.0,30,0.03313977718353271,0.0010214567184448243,0.06611397266387939,-0.03313977718353271,-0.06355110009511312,-0.0005678494771321614,-0.19386528333028158
si27_s1_hc_db,trigger,dir,-1.0,30,-0.004562409718831381,-0.04238028526306152,0.030979116757710774,0.004562409718831381,-0.032233357429504395,0.04162724812825521,-0.09642412662506103
si27_s1_hc_db,trigger,dir,1.0,30,0.0077454487482706705,-0.027468061447143553,0.04342827796936035,-0.0077454487482706705,-0.04212265014648438,0.028563602765401205,0.1135058323542277
si27_s1_hc_db,trigger,dir,2.0,30,0.023099827766418456,-0.017446446418762206,0.06281937758127848,-0.023099827766418456,-0.06266751289367675,0.01685769557952881,0.19671641190846761
si27_s1_hc_db,trigger,dir,5.0,30,-0.02245321273803711,-0.09644307295481364,0.050565298398335776,0.02245321273803711,-0.05008797645568848,0.09414114157358805,0.48719747066497804
si27_s1_hc_db,trigger,dir,10.0,30,-0.07941940625508627,-0.1958499511082967,0.03229030768076579,0.07941940625508627,-0.03602302074432373,0.19140697320302327,0.7313417673110962
si27_s2_hb_dc,trigger,ctrl1,-10.0,30,0.37860495249430337,0.3363105535507202,0.42110010782877605,0.37860495249430337,0.336972443262736,0.42151979605356854,-0.017459789911905926
si27_s2_hb_dc,trigger,ctrl1,-5.0,30,0.18206329345703126,0.1405444304148356,0.22570831775665284,0.18206329345703126,0.14074756304423014,0.2238787810007731,0.0007913907368977865
si27_s2_hb_dc,trigger,ctrl1,-2.0,30,0.08604778448740641,0.0528472900390625,0.11813035011291503,0.08604778448740641,0.05475462277730306,0.11896822452545167,-0.004607049624125162
si27_s2_hb_dc,trigger,ctrl1,-1.0,30,0.04656147162119548,0.015054543813069662,0.07742375532786051,0.04656147162119548,0.016977763175964354,0.07756088574727377,0.017824109395345053
si27_s2_hb_dc,trigger,ctrl1,1.0,30,-0.06319085756937663,-0.08794465859731039,-0.03802185853322347,-0.06319085756937663,-0.08789509932200114,-0.03767601648966471,0.004245837529500325
si27_s2_hb_dc,trigger,ctrl1,2.0,30,-0.10080595016479492,-0.13535197575887045,-0.06600813865661621,-0.10080595016479492,-0.13669745922088622,-0.0662662665049235,-0.004713908831278483
si27_s2_hb_dc,trigger,ctrl1,5.0,30,-0.2512051979700724,-0.2864132324854533,-0.21701931953430176,-0.2512051979700724,-0.28599726359049477,-0.21721057097117105,-0.016491285959879556
si27_s2_hb_dc,trigger,ctrl1,10.0,30,-0.47900607585906985,-0.5250810225804646,-0.43212666511535647,-0.47900607585906985,-0.5272538264592489,-0.4320996205012004,-0.03838895956675212
si27_s2_hb_dc,trigger,dir,-10.0,30,-0.40811649958292645,-0.47607874075571693,-0.3311758120854696,-0.40811649958292645,-0.4764703830083211,-0.3326972007751465,-0.8656492789586385
si27_s2_hb_dc,trigger,dir,-5.0,30,-0.09175496101379395,-0.1375431537628174,-0.04273362954457601,-0.09175496101379395,-0.13624819119771323,-0.043655045827229816,-0.41228813330332437
si27_s2_hb_dc,trigger,dir,-2.0,30,-0.027124579747517905,-0.07068154811859131,0.016691064834594725,-0.027124579747517905,-0.06986103057861329,0.01741178830464681,-0.16256703535715739
si27_s2_hb_dc,trigger,dir,-1.0,30,-0.010889863967895508,-0.04493423302968343,0.025411192576090494,-0.010889863967895508,-0.04414158662160238,0.024888134002685545,-0.0830231507619222
si27_s2_hb_dc,trigger,dir,1.0,30,-0.009019684791564942,-0.040372427304585776,0.021909554799397785,-0.009019684791564942,-0.040252129236857094,0.022090983390808106,0.06152658462524414
si27_s2_hb_dc,trigger,dir,2.0,30,-0.030331714948018392,-0.06308515866597493,0.0030809720357259113,-0.030331714948018392,-0.062197184562683104,0.0034565369288126627,0.1166954755783081
si27_s2_hb_dc,trigger,dir,5.0,30,-0.08499632676442465,-0.12659602959950764,-0.042563343048095705,-0.08499632676442465,-0.12691536744435628,-0.04291752974192301,0.29278233846028645
si27_s2_hb_dc,trigger,dir,10.0,30,-0.29490435918172203,-0.3768895387649536,-0.2178211768468221,-0.29490435918172203,-0.3765839099884033,-0.21611803372701008,0.5008984804153442
si27_s2_hc_db,trigger,ctrl1,-10.0,30,0.3973264217376709,0.34677258332570393,0.44476348559061685,-0.3973264217376709,-0.4459410111109416,-0.3477177143096924,-0.1928857962290446
si27_s2_hc_db,trigger,ctrl1,-5.0,30,0.19065983295440675,0.1507599671681722,0.22973232269287108,-0.19065983295440675,-0.23098730246225993,-0.1495518922805786,-0.099526580174764
si27_s2_hc_db,trigger,ctrl1,-2.0,30,0.06865464846293132,0.03507508436838786,0.1028619130452474,-0.06865464846293132,-0.1031239112218221,-0.03404070536295573,-0.04427255789438884
si27_s2_hc_db,trigger,ctrl1,-1.0,30,0.02370165189107259,-0.0010185480117797852,0.04984815915425619,-0.02370165189107259,-0.04971993764241536,0.0017798980077107748,-0.023058493932088215
si27_s2_hc_db,trigger,ctrl1,1.0,30,-0.06600499153137207,-0.09158458709716796,-0.040246192614237467,0.06600499153137207,0.04009292125701904,0.09086763858795166,0.013013704617818197
si27_s2_hc_db,trigger,ctrl1,2.0,30,-0.07971513271331787,-0.10302788416544596,-0.055856879552205405,0.07971513271331787,0.055019068717956546,0.10306323369344075,0.030950729052225748
si27_s2_hc_db,trigger,ctrl1,5.0,30,-0.2270260492960612,-0.2593709945678711,-0.19440091451009114,0.2270260492960612,0.1958495537439982,0.2596775849660238,0.05750149091084798
si27_s2_hc_db,trigger,ctrl1,10.0,30,-0.42487959067026776,-0.4660542805989583,-0.38246113459269204,0.42487959067026776,0.3805622180302938,0.469513742129008,0.10848201910654703
si27_s2_hc_db,trigger,dir,-10.0,30,0.16422767639160157,0.05960320631663005,0.2756243387858073,-0.16422767639160157,-0.2711720705032349,-0.05851496855417888,-1.1634093681971232
si27_s2_hc_db,trigger,dir,-5.0,30,0.10155893166859944,0.027442407608032227,0.17298298676808674,-0.10155893166859944,-0.17648255825042725,-0.0264082670211792,-0.5736718495686849
si27_s2_hc_db,trigger,dir,-2.0,30,0.040005278587341306,0.0027335007985432942,0.08077474435170491,-0.040005278587341306,-0.08038322925567627,-0.004310393333435058,-0.22142471472422282
si27_s2_hc_db,trigger,dir,-1.0,30,-0.003052679697672526,-0.03627754847208659,0.031784431139628096,0.003052679697672526,-0.02931040128072103,0.03626205921173096,-0.10519616603851319
si27_s2_hc_db,trigger,dir,1.0,30,-0.03936086495717366,-0.07273871898651123,-0.006165568033854167,0.03936086495717366,0.004425621032714844,0.07234218915303549,0.08659791151682536
si27_s2_hc_db,trigger,dir,2.0,30,-0.07750070889790853,-0.11029534339904785,-0.041610550880432126,0.07750070889790853,0.043653313318888345,0.11094394524892172,0.1543509880701701
si27_s2_hc_db,trigger,dir,5.0,30,-0.17237080732981364,-0.231880259513855,-0.11290561358133952,0.17237080732981364,0.11293217341105143,0.2316605567932129,0.4184416770935059
si27_s2_hc_db,trigger,dir,10.0,30,-0.3981934070587158,-0.5353549242019653,-0.2681642214457194,0.3981934070587158,0.26694955031077067,0.5346515893936157,0.6430455128351847
base,trigger,ctrl1,-10.0,30,0.43032811482747396,0.3502642631530762,0.5153866291046143,,,,-0.6559073527654012
base,trigger,ctrl1,-5.0,30,0.20464218457539876,0.1552712281545003,0.2546695073445638,,,,-0.34479631582895914
base,trigger,ctrl1,-2.0,30,0.09603827794392904,0.0554535706837972,0.13833346366882324,,,,-0.13101322650909425
base,trigger,ctrl1,-1.0,30,0.04309086799621582,0.007142305374145508,0.07800202369689942,,,,-0.10979937712351481
base,trigger,ctrl1,1.0,30,-0.054695940017700194,-0.09036555290222167,-0.01852423350016276,,,,0.09109751383463542
base,trigger,ctrl1,2.0,30,-0.08662338256835937,-0.11540460586547852,-0.05550382932027181,,,,0.18301791350046795
base,trigger,ctrl1,5.0,30,-0.2262242635091146,-0.2701395034790039,-0.1820490519205729,,,,0.39826658566792805
base,trigger,ctrl1,10.0,30,-0.3884668032328288,-0.4719624360402425,-0.30752722422281903,,,,0.8644153515497843
base,trigger,dir,-10.0,30,-0.6880823294321696,-0.8340619405110677,-0.5424295425415039,,,,0.7020118633906046
base,trigger,dir,-5.0,30,-0.32845425605773926,-0.4075554529825846,-0.24697270393371581,,,,0.40707690715789796
base,trigger,dir,-2.0,30,-0.15039083162943523,-0.19936885833740234,-0.09853564898173015,,,,0.1849232832590739
base,trigger,dir,-1.0,30,-0.06787254015604655,-0.11053350766499838,-0.02448296546936035,,,,0.06874081293741861
base,trigger,dir,1.0,30,0.04711147944132487,0.009305508931477864,0.08757055600484212,,,,-0.07334064642588298
base,trigger,dir,2.0,30,0.1184776782989502,0.07756255467732748,0.1615084966023763,,,,-0.18299694061279298
base,trigger,dir,5.0,30,0.2378803571065267,0.16591486930847169,0.3178428649902344,,,,-0.4349698066711426
base,trigger,dir,10.0,30,0.3691118081410726,0.24816330273946127,0.49513974189758303,,,,-0.9577449798583985
